"product_id","variant_id","variant_external_id","name","short_name","preview_url","retail_price","currency","sku","size","color"
322238611,4077053956,"651381198bc0c4","cat(I <3 cats) light unisex t-shirt - Heather Prism Peach / XS","cat(I <3 cats) light unisex t-shirt","https://files.cdn.printful.com/files/f3d/f3dfac40fc3d553265ef746d67b7fc88_preview.png","20.00","USD","651381198A62D_Heather-Prism-Peach-XS","XS","Heather Prism Peach"
322238611,4077053957,"651381198bc103","cat(I <3 cats) light unisex t-shirt - Heather Prism Peach / S","cat(I <3 cats) light unisex t-shirt","https://files.cdn.printful.com/files/f3d/f3dfac40fc3d553265ef746d67b7fc88_preview.png","20.00","USD","651381198A62D_Heather-Prism-Peach-S","S","Heather Prism Peach"
322238611,4077053958,"651381198bc146","cat(I <3 cats) light unisex t-shirt - Heather Prism Peach / M","cat(I <3 cats) light unisex t-shirt","https://files.cdn.printful.com/files/f3d/f3dfac40fc3d553265ef746d67b7fc88_preview.png","20.00","USD","651381198A62D_Heather-Prism-Peach-M","M","Heather Prism Peach"
322238611,4077053959,"651381198bc171","cat(I <3 cats) light unisex t-shirt - Heather Prism Peach / L","cat(I <3 cats) light unisex t-shirt","https://files.cdn.printful.com/files/f3d/f3dfac40fc3d553265ef746d67b7fc88_preview.png","20.00","USD","651381198A62D_Heather-Prism-Peach-L","L","Heather Prism Peach"
322238611,4077053960,"651381198bc1a4","cat(I <3 cats) light unisex t-shirt - Heather Prism Peach / XL","cat(I <3 cats) light unisex t-shirt","https://files.cdn.printful.com/files/f3d/f3dfac40fc3d553265ef746d67b7fc88_preview.png","20.00","USD","651381198A62D_Heather-Prism-Peach-XL","XL","Heather Prism Peach"
322238611,4077053961,"651381198bc1c1","cat(I <3 cats) light unisex t-shirt - Heather Prism Peach / 2XL","cat(I <3 cats) light unisex t-shirt","https://files.cdn.printful.com/files/f3d/f3dfac40fc3d553265ef746d67b7fc88_preview.png","20.00","USD","651381198A62D_Heather-Prism-Peach-2XL","2XL","Heather Prism Peach"
322238611,4077053962,"651381198bc1f9","cat(I <3 cats) light unisex t-shirt - Heather Prism Peach / 3XL","cat(I <3 cats) light unisex t-shirt","https://files.cdn.printful.com/files/f3d/f3dfac40fc3d553265ef746d67b7fc88_preview.png","22.00","USD","651381198A62D_Heather-Prism-Peach-3XL","3XL","Heather Prism Peach"
322238611,4077053963,"651381198bc217","cat(I <3 cats) light unisex t-shirt - Heather Prism Peach / 4XL","cat(I <3 cats) light unisex t-shirt","https://files.cdn.printful.com/files/f3d/f3dfac40fc3d553265ef746d67b7fc88_preview.png","22.00","USD","651381198A62D_Heather-Prism-Peach-4XL","4XL","Heather Prism Peach"
322238611,4077053964,"651381198bc249","cat(I <3 cats) light unisex t-shirt - Pink / S","cat(I <3 cats) light unisex t-shirt","https://files.cdn.printful.com/files/f3d/f3dfac40fc3d553265ef746d67b7fc88_preview.png","20.00","USD","651381198A62D_Pink-S","S","Pink"
322238611,4077053965,"651381198bc275","cat(I <3 cats) light unisex t-shirt - Pink / M","cat(I <3 cats) light unisex t-shirt","https://files.cdn.printful.com/files/f3d/f3dfac40fc3d553265ef746d67b7fc88_preview.png","20.00","USD","651381198A62D_Pink-M","M","Pink"
322238611,4077053966,"651381198bc2a4","cat(I <3 cats) light unisex t-shirt - Pink / L","cat(I <3 cats) light unisex t-shirt","https://files.cdn.printful.com/files/f3d/f3dfac40fc3d553265ef746d67b7fc88_preview.png","20.00","USD","651381198A62D_Pink-L","L","Pink"
322238611,4077053967,"651381198bc2c6","cat(I <3 cats) light unisex t-shirt - Pink / XL","cat(I <3 cats) light unisex t-shirt","https://files.cdn.printful.com/files/f3d/f3dfac40fc3d553265ef746d67b7fc88_preview.png","20.00","USD","651381198A62D_Pink-XL","XL","Pink"
322238611,4077053968,"651381198bc2f8","cat(I <3 cats) light unisex t-shirt - Pink / 2XL","cat(I <3 cats) light unisex t-shirt","https://files.cdn.printful.com/files/f3d/f3dfac40fc3d553265ef746d67b7fc88_preview.png","20.00","USD","651381198A62D_Pink-2XL","2XL","Pink"
322238611,4077053969,"651381198bc326","cat(I <3 cats) light unisex t-shirt - Pink / 3XL","cat(I <3 cats) light unisex t-shirt","https://files.cdn.printful.com/files/f3d/f3dfac40fc3d553265ef746d67b7fc88_preview.png","22.00","USD","651381198A62D_Pink-3XL","3XL","Pink"
322238611,4077053970,"651381198bc345","cat(I <3 cats) light unisex t-shirt - Pink / 4XL","cat(I <3 cats) light unisex t-shirt","https://files.cdn.printful.com/files/f3d/f3dfac40fc3d553265ef746d67b7fc88_preview.png","22.00","USD","651381198A62D_Pink-4XL","4XL","Pink"
322238611,4077053971,"651381198bc379","cat(I <3 cats) light unisex t-shirt - Athletic Heather / XS","cat(I <3 cats) light unisex t-shirt","https://files.cdn.printful.com/files/f3d/f3dfac40fc3d553265ef746d67b7fc88_preview.png","20.00","USD","651381198A62D_Athletic-Heather-XS","XS","Athletic Heather"
322238611,4077053972,"651381198bc3a2","cat(I <3 cats) light unisex t-shirt - Athletic Heather / S","cat(I <3 cats) light unisex t-shirt","https://files.cdn.printful.com/files/f3d/f3dfac40fc3d553265ef746d67b7fc88_preview.png","20.00","USD","651381198A62D_Athletic-Heather-S","S","Athletic Heather"
322238611,4077053973,"651381198bc3d4","cat(I <3 cats) light unisex t-shirt - Athletic Heather / M","cat(I <3 cats) light unisex t-shirt","https://files.cdn.printful.com/files/f3d/f3dfac40fc3d553265ef746d67b7fc88_preview.png","20.00","USD","651381198A62D_Athletic-Heather-M","M","Athletic Heather"
322238611,4077053974,"651381198bc3f1","cat(I <3 cats) light unisex t-shirt - Athletic Heather / L","cat(I <3 cats) light unisex t-shirt","https://files.cdn.printful.com/files/f3d/f3dfac40fc3d553265ef746d67b7fc88_preview.png","20.00","USD","651381198A62D_Athletic-Heather-L","L","Athletic Heather"
322238611,4077053975,"651381198bc424","cat(I <3 cats) light unisex t-shirt - Athletic Heather / XL","cat(I <3 cats) light unisex t-shirt","https://files.cdn.printful.com/files/f3d/f3dfac40fc3d553265ef746d67b7fc88_preview.png","20.00","USD","651381198A62D_Athletic-Heather-XL","XL","Athletic Heather"
322238611,4077053976,"651381198bc444","cat(I <3 cats) light unisex t-shirt - Athletic Heather / 2XL","cat(I <3 cats) light unisex t-shirt","https://files.cdn.printful.com/files/f3d/f3dfac40fc3d553265ef746d67b7fc88_preview.png","20.00","USD","651381198A62D_Athletic-Heather-2XL","2XL","Athletic Heather"
322238611,4077053977,"651381198bc476","cat(I <3 cats) light unisex t-shirt - Athletic Heather / 3XL","cat(I <3 cats) light unisex t-shirt","https://files.cdn.printful.com/files/f3d/f3dfac40fc3d553265ef746d67b7fc88_preview.png","22.00","USD","651381198A62D_Athletic-Heather-3XL","3XL","Athletic Heather"
322238611,4077053978,"651381198bc4a7","cat(I <3 cats) light unisex t-shirt - Athletic Heather / 4XL","cat(I <3 cats) light unisex t-shirt","https://files.cdn.printful.com/files/f3d/f3dfac40fc3d553265ef746d67b7fc88_preview.png","22.00","USD","651381198A62D_Athletic-Heather-4XL","4XL","Athletic Heather"
322238611,4077053979,"651381198bc4c2","cat(I <3 cats) light unisex t-shirt - Athletic Heather / 5XL","cat(I <3 cats) light unisex t-shirt","https://files.cdn.printful.com/files/f3d/f3dfac40fc3d553265ef746d67b7fc88_preview.png","22.00","USD","651381198A62D_Athletic-Heather-5XL","5XL","Athletic Heather"
322238611,4077053980,"651381198bc4f9","cat(I <3 cats) light unisex t-shirt - Light Blue / XS","cat(I <3 cats) light unisex t-shirt","https://files.cdn.printful.com/files/f3d/f3dfac40fc3d553265ef746d67b7fc88_preview.png","20.00","USD","651381198A62D_Light-Blue-XS","XS","Light Blue"
322238611,4077053981,"651381198bc528","cat(I <3 cats) light unisex t-shirt - Light Blue / S","cat(I <3 cats) light unisex t-shirt","https://files.cdn.printful.com/files/f3d/f3dfac40fc3d553265ef746d67b7fc88_preview.png","20.00","USD","651381198A62D_Light-Blue-S","S","Light Blue"
322238611,4077053982,"651381198bc553","cat(I <3 cats) light unisex t-shirt - Light Blue / M","cat(I <3 cats) light unisex t-shirt","https://files.cdn.printful.com/files/f3d/f3dfac40fc3d553265ef746d67b7fc88_preview.png","20.00","USD","651381198A62D_Light-Blue-M","M","Light Blue"
322238611,4077053983,"651381198bc577","cat(I <3 cats) light unisex t-shirt - Light Blue / L","cat(I <3 cats) light unisex t-shirt","https://files.cdn.printful.com/files/f3d/f3dfac40fc3d553265ef746d67b7fc88_preview.png","20.00","USD","651381198A62D_Light-Blue-L","L","Light Blue"
322238611,4077053984,"651381198bc5a9","cat(I <3 cats) light unisex t-shirt - Light Blue / XL","cat(I <3 cats) light unisex t-shirt","https://files.cdn.printful.com/files/f3d/f3dfac40fc3d553265ef746d67b7fc88_preview.png","20.00","USD","651381198A62D_Light-Blue-XL","XL","Light Blue"
322238611,4077053985,"651381198bc5d4","cat(I <3 cats) light unisex t-shirt - Light Blue / 2XL","cat(I <3 cats) light unisex t-shirt","https://files.cdn.printful.com/files/f3d/f3dfac40fc3d553265ef746d67b7fc88_preview.png","20.00","USD","651381198A62D_Light-Blue-2XL","2XL","Light Blue"
322238611,4077053986,"651381198bc5f1","cat(I <3 cats) light unisex t-shirt - Heather Dust / S","cat(I <3 cats) light unisex t-shirt","https://files.cdn.printful.com/files/f3d/f3dfac40fc3d553265ef746d67b7fc88_preview.png","20.00","USD","651381198A62D_Heather-Dust-S","S","Heather Dust"
322238611,4077053987,"651381198bc625","cat(I <3 cats) light unisex t-shirt - Heather Dust / M","cat(I <3 cats) light unisex t-shirt","https://files.cdn.printful.com/files/f3d/f3dfac40fc3d553265ef746d67b7fc88_preview.png","20.00","USD","651381198A62D_Heather-Dust-M","M","Heather Dust"
322238611,4077053988,"651381198bc653","cat(I <3 cats) light unisex t-shirt - Heather Dust / L","cat(I <3 cats) light unisex t-shirt","https://files.cdn.printful.com/files/f3d/f3dfac40fc3d553265ef746d67b7fc88_preview.png","20.00","USD","651381198A62D_Heather-Dust-L","L","Heather Dust"
322238611,4077053989,"651381198bc675","cat(I <3 cats) light unisex t-shirt - Heather Dust / XL","cat(I <3 cats) light unisex t-shirt","https://files.cdn.printful.com/files/f3d/f3dfac40fc3d553265ef746d67b7fc88_preview.png","20.00","USD","651381198A62D_Heather-Dust-XL","XL","Heather Dust"
322238611,4077053990,"651381198bc6a7","cat(I <3 cats) light unisex t-shirt - Heather Dust / 2XL","cat(I <3 cats) light unisex t-shirt","https://files.cdn.printful.com/files/f3d/f3dfac40fc3d553265ef746d67b7fc88_preview.png","20.00","USD","651381198A62D_Heather-Dust-2XL","2XL","Heather Dust"
322238611,4077053991,"651381198bc6d9","cat(I <3 cats) light unisex t-shirt - Heather Prism Ice Blue / XS","cat(I <3 cats) light unisex t-shirt","https://files.cdn.printful.com/files/f3d/f3dfac40fc3d553265ef746d67b7fc88_preview.png","20.00","USD","651381198A62D_Heather-Prism-Ice-Blue-XS","XS","Heather Prism Ice Blue"
322238611,4077053992,"651381198bc6f8","cat(I <3 cats) light unisex t-shirt - Heather Prism Ice Blue / S","cat(I <3 cats) light unisex t-shirt","https://files.cdn.printful.com/files/f3d/f3dfac40fc3d553265ef746d67b7fc88_preview.png","20.00","USD","651381198A62D_Heather-Prism-Ice-Blue-S","S","Heather Prism Ice Blue"
322238611,4077053993,"651381198bc729","cat(I <3 cats) light unisex t-shirt - Heather Prism Ice Blue / M","cat(I <3 cats) light unisex t-shirt","https://files.cdn.printful.com/files/f3d/f3dfac40fc3d553265ef746d67b7fc88_preview.png","20.00","USD","651381198A62D_Heather-Prism-Ice-Blue-M","M","Heather Prism Ice Blue"
322238611,4077053994,"651381198bc748","cat(I <3 cats) light unisex t-shirt - Heather Prism Ice Blue / L","cat(I <3 cats) light unisex t-shirt","https://files.cdn.printful.com/files/f3d/f3dfac40fc3d553265ef746d67b7fc88_preview.png","20.00","USD","651381198A62D_Heather-Prism-Ice-Blue-L","L","Heather Prism Ice Blue"
322238611,4077053995,"651381198bc777","cat(I <3 cats) light unisex t-shirt - Heather Prism Ice Blue / XL","cat(I <3 cats) light unisex t-shirt","https://files.cdn.printful.com/files/f3d/f3dfac40fc3d553265ef746d67b7fc88_preview.png","20.00","USD","651381198A62D_Heather-Prism-Ice-Blue-XL","XL","Heather Prism Ice Blue"
322238611,4077053996,"651381198bc795","cat(I <3 cats) light unisex t-shirt - Heather Prism Ice Blue / 2XL","cat(I <3 cats) light unisex t-shirt","https://files.cdn.printful.com/files/f3d/f3dfac40fc3d553265ef746d67b7fc88_preview.png","20.00","USD","651381198A62D_Heather-Prism-Ice-Blue-2XL","2XL","Heather Prism Ice Blue"
322238611,4077053997,"651381198bc7c8","cat(I <3 cats) light unisex t-shirt - Heather Prism Ice Blue / 3XL","cat(I <3 cats) light unisex t-shirt","https://files.cdn.printful.com/files/f3d/f3dfac40fc3d553265ef746d67b7fc88_preview.png","22.00","USD","651381198A62D_Heather-Prism-Ice-Blue-3XL","3XL","Heather Prism Ice Blue"
322238611,4077053998,"651381198bc7e3","cat(I <3 cats) light unisex t-shirt - Heather Prism Ice Blue / 4XL","cat(I <3 cats) light unisex t-shirt","https://files.cdn.printful.com/files/f3d/f3dfac40fc3d553265ef746d67b7fc88_preview.png","22.00","USD","651381198A62D_Heather-Prism-Ice-Blue-4XL","4XL","Heather Prism Ice Blue"
322238611,4077053999,"651381198bc819","cat(I <3 cats) light unisex t-shirt - Silver / S","cat(I <3 cats) light unisex t-shirt","https://files.cdn.printful.com/files/f3d/f3dfac40fc3d553265ef746d67b7fc88_preview.png","20.00","USD","651381198A62D_Silver-S","S","Silver"
322238611,4077054000,"651381198bc832","cat(I <3 cats) light unisex t-shirt - Silver / M","cat(I <3 cats) light unisex t-shirt","https://files.cdn.printful.com/files/f3d/f3dfac40fc3d553265ef746d67b7fc88_preview.png","20.00","USD","651381198A62D_Silver-M","M","Silver"
322238611,4077054001,"651381198bc866","cat(I <3 cats) light unisex t-shirt - Silver / L","cat(I <3 cats) light unisex t-shirt","https://files.cdn.printful.com/files/f3d/f3dfac40fc3d553265ef746d67b7fc88_preview.png","20.00","USD","651381198A62D_Silver-L","L","Silver"
322238611,4077054002,"651381198bc882","cat(I <3 cats) light unisex t-shirt - Silver / XL","cat(I <3 cats) light unisex t-shirt","https://files.cdn.printful.com/files/f3d/f3dfac40fc3d553265ef746d67b7fc88_preview.png","20.00","USD","651381198A62D_Silver-XL","XL","Silver"
322238611,4077054003,"651381198bc8b7","cat(I <3 cats) light unisex t-shirt - Silver / 2XL","cat(I <3 cats) light unisex t-shirt","https://files.cdn.printful.com/files/f3d/f3dfac40fc3d553265ef746d67b7fc88_preview.png","20.00","USD","651381198A62D_Silver-2XL","2XL","Silver"
322238611,4077054004,"651381198bc8e5","cat(I <3 cats) light unisex t-shirt - White / XS","cat(I <3 cats) light unisex t-shirt","https://files.cdn.printful.com/files/f3d/f3dfac40fc3d553265ef746d67b7fc88_preview.png","20.00","USD","651381198A62D_White-XS","XS","White"
322238611,4077054005,"651381198bc906","cat(I <3 cats) light unisex t-shirt - White / S","cat(I <3 cats) light unisex t-shirt","https://files.cdn.printful.com/files/f3d/f3dfac40fc3d553265ef746d67b7fc88_preview.png","20.00","USD","651381198A62D_White-S","S","White"
322238611,4077054006,"651381198bc921","cat(I <3 cats) light unisex t-shirt - White / M","cat(I <3 cats) light unisex t-shirt","https://files.cdn.printful.com/files/f3d/f3dfac40fc3d553265ef746d67b7fc88_preview.png","20.00","USD","651381198A62D_White-M","M","White"
322238611,4077054007,"651381198bc951","cat(I <3 cats) light unisex t-shirt - White / L","cat(I <3 cats) light unisex t-shirt","https://files.cdn.printful.com/files/f3d/f3dfac40fc3d553265ef746d67b7fc88_preview.png","20.00","USD","651381198A62D_White-L","L","White"
322238611,4077054008,"651381198bc973","cat(I <3 cats) light unisex t-shirt - White / XL","cat(I <3 cats) light unisex t-shirt","https://files.cdn.printful.com/files/f3d/f3dfac40fc3d553265ef746d67b7fc88_preview.png","20.00","USD","651381198A62D_White-XL","XL","White"
322238611,4077054009,"651381198bc9a7","cat(I <3 cats) light unisex t-shirt - White / 2XL","cat(I <3 cats) light unisex t-shirt","https://files.cdn.printful.com/files/f3d/f3dfac40fc3d553265ef746d67b7fc88_preview.png","20.00","USD","651381198A62D_White-2XL","2XL","White"
322238611,4077054010,"651381198bc9c4","cat(I <3 cats) light unisex t-shirt - White / 3XL","cat(I <3 cats) light unisex t-shirt","https://files.cdn.printful.com/files/f3d/f3dfac40fc3d553265ef746d67b7fc88_preview.png","22.00","USD","651381198A62D_White-3XL","3XL","White"
322238611,4077054011,"651381198bc9f4","cat(I <3 cats) light unisex t-shirt - White / 4XL","cat(I <3 cats) light unisex t-shirt","https://files.cdn.printful.com/files/f3d/f3dfac40fc3d553265ef746d67b7fc88_preview.png","22.00","USD","651381198A62D_White-4XL","4XL","White"
322238611,4077054012,"651381198bca11","cat(I <3 cats) light unisex t-shirt - White / 5XL","cat(I <3 cats) light unisex t-shirt","https://files.cdn.printful.com/files/f3d/f3dfac40fc3d553265ef746d67b7fc88_preview.png","22.00","USD","651381198A62D_White-5XL","5XL","White"
322238314,4077045660,"65138056746ad1","cat(I <3 cats) dark unisex t-shirt - Black Heather / XS","cat(I <3 cats) dark unisex t-shirt","https://files.cdn.printful.com/files/f3d/f3dfac40fc3d553265ef746d67b7fc88_preview.png","20.00","USD","6513805672AFB_Black-Heather-XS","XS","Black Heather"
322238314,4077045664,"65138056746b41","cat(I <3 cats) dark unisex t-shirt - Black Heather / S","cat(I <3 cats) dark unisex t-shirt","https://files.cdn.printful.com/files/f3d/f3dfac40fc3d553265ef746d67b7fc88_preview.png","20.00","USD","6513805672AFB_Black-Heather-S","S","Black Heather"
322238314,4077045668,"65138056746b97","cat(I <3 cats) dark unisex t-shirt - Black Heather / M","cat(I <3 cats) dark unisex t-shirt","https://files.cdn.printful.com/files/f3d/f3dfac40fc3d553265ef746d67b7fc88_preview.png","20.00","USD","6513805672AFB_Black-Heather-M","M","Black Heather"
322238314,4077045670,"65138056746be8","cat(I <3 cats) dark unisex t-shirt - Black Heather / L","cat(I <3 cats) dark unisex t-shirt","https://files.cdn.printful.com/files/f3d/f3dfac40fc3d553265ef746d67b7fc88_preview.png","20.00","USD","6513805672AFB_Black-Heather-L","L","Black Heather"
322238314,4077045673,"65138056746c33","cat(I <3 cats) dark unisex t-shirt - Black Heather / XL","cat(I <3 cats) dark unisex t-shirt","https://files.cdn.printful.com/files/f3d/f3dfac40fc3d553265ef746d67b7fc88_preview.png","20.00","USD","6513805672AFB_Black-Heather-XL","XL","Black Heather"
322238314,4077045677,"65138056746c76","cat(I <3 cats) dark unisex t-shirt - Black Heather / 2XL","cat(I <3 cats) dark unisex t-shirt","https://files.cdn.printful.com/files/f3d/f3dfac40fc3d553265ef746d67b7fc88_preview.png","20.00","USD","6513805672AFB_Black-Heather-2XL","2XL","Black Heather"
322238314,4077045680,"65138056746cd6","cat(I <3 cats) dark unisex t-shirt - Black Heather / 3XL","cat(I <3 cats) dark unisex t-shirt","https://files.cdn.printful.com/files/f3d/f3dfac40fc3d553265ef746d67b7fc88_preview.png","22.00","USD","6513805672AFB_Black-Heather-3XL","3XL","Black Heather"
322238314,4077045684,"65138056746d13","cat(I <3 cats) dark unisex t-shirt - Black Heather / 4XL","cat(I <3 cats) dark unisex t-shirt","https://files.cdn.printful.com/files/f3d/f3dfac40fc3d553265ef746d67b7fc88_preview.png","22.00","USD","6513805672AFB_Black-Heather-4XL","4XL","Black Heather"
322238314,4077045687,"65138056746d61","cat(I <3 cats) dark unisex t-shirt - Black Heather / 5XL","cat(I <3 cats) dark unisex t-shirt","https://files.cdn.printful.com/files/f3d/f3dfac40fc3d553265ef746d67b7fc88_preview.png","22.00","USD","6513805672AFB_Black-Heather-5XL","5XL","Black Heather"
322238314,4077045690,"65138056746da9","cat(I <3 cats) dark unisex t-shirt - Black / XS","cat(I <3 cats) dark unisex t-shirt","https://files.cdn.printful.com/files/f3d/f3dfac40fc3d553265ef746d67b7fc88_preview.png","20.00","USD","6513805672AFB_Black-XS","XS","Black"
322238314,4077045693,"65138056746df3","cat(I <3 cats) dark unisex t-shirt - Black / S","cat(I <3 cats) dark unisex t-shirt","https://files.cdn.printful.com/files/f3d/f3dfac40fc3d553265ef746d67b7fc88_preview.png","20.00","USD","6513805672AFB_Black-S","S","Black"
322238314,4077045696,"65138056746e32","cat(I <3 cats) dark unisex t-shirt - Black / M","cat(I <3 cats) dark unisex t-shirt","https://files.cdn.printful.com/files/f3d/f3dfac40fc3d553265ef746d67b7fc88_preview.png","20.00","USD","6513805672AFB_Black-M","M","Black"
322238314,4077045698,"65138056746e85","cat(I <3 cats) dark unisex t-shirt - Black / L","cat(I <3 cats) dark unisex t-shirt","https://files.cdn.printful.com/files/f3d/f3dfac40fc3d553265ef746d67b7fc88_preview.png","20.00","USD","6513805672AFB_Black-L","L","Black"
322238314,4077045701,"65138056746ec1","cat(I <3 cats) dark unisex t-shirt - Black / XL","cat(I <3 cats) dark unisex t-shirt","https://files.cdn.printful.com/files/f3d/f3dfac40fc3d553265ef746d67b7fc88_preview.png","20.00","USD","6513805672AFB_Black-XL","XL","Black"
322238314,4077045704,"65138056746f02","cat(I <3 cats) dark unisex t-shirt - Black / 2XL","cat(I <3 cats) dark unisex t-shirt","https://files.cdn.printful.com/files/f3d/f3dfac40fc3d553265ef746d67b7fc88_preview.png","20.00","USD","6513805672AFB_Black-2XL","2XL","Black"
322238314,4077045707,"65138056746f56","cat(I <3 cats) dark unisex t-shirt - Black / 3XL","cat(I <3 cats) dark unisex t-shirt","https://files.cdn.printful.com/files/f3d/f3dfac40fc3d553265ef746d67b7fc88_preview.png","22.00","USD","6513805672AFB_Black-3XL","3XL","Black"
322238314,4077045709,"65138056746f99","cat(I <3 cats) dark unisex t-shirt - Black / 4XL","cat(I <3 cats) dark unisex t-shirt","https://files.cdn.printful.com/files/f3d/f3dfac40fc3d553265ef746d67b7fc88_preview.png","22.00","USD","6513805672AFB_Black-4XL","4XL","Black"
322238314,4077045712,"65138056746fe2","cat(I <3 cats) dark unisex t-shirt - Black / 5XL","cat(I <3 cats) dark unisex t-shirt","https://files.cdn.printful.com/files/f3d/f3dfac40fc3d553265ef746d67b7fc88_preview.png","22.00","USD","6513805672AFB_Black-5XL","5XL","Black"
322238314,4077045715,"65138056747035","cat(I <3 cats) dark unisex t-shirt - Navy / XS","cat(I <3 cats) dark unisex t-shirt","https://files.cdn.printful.com/files/f3d/f3dfac40fc3d553265ef746d67b7fc88_preview.png","20.00","USD","6513805672AFB_Navy-XS","XS","Navy"
322238314,4077045717,"65138056747077","cat(I <3 cats) dark unisex t-shirt - Navy / S","cat(I <3 cats) dark unisex t-shirt","https://files.cdn.printful.com/files/f3d/f3dfac40fc3d553265ef746d67b7fc88_preview.png","20.00","USD","6513805672AFB_Navy-S","S","Navy"
322238314,4077045720,"651380567470c4","cat(I <3 cats) dark unisex t-shirt - Navy / M","cat(I <3 cats) dark unisex t-shirt","https://files.cdn.printful.com/files/f3d/f3dfac40fc3d553265ef746d67b7fc88_preview.png","20.00","USD","6513805672AFB_Navy-M","M","Navy"
322238314,4077045723,"65138056747125","cat(I <3 cats) dark unisex t-shirt - Navy / L","cat(I <3 cats) dark unisex t-shirt","https://files.cdn.printful.com/files/f3d/f3dfac40fc3d553265ef746d67b7fc88_preview.png","20.00","USD","6513805672AFB_Navy-L","L","Navy"
322238314,4077045726,"65138056747164","cat(I <3 cats) dark unisex t-shirt - Navy / XL","cat(I <3 cats) dark unisex t-shirt","https://files.cdn.printful.com/files/f3d/f3dfac40fc3d553265ef746d67b7fc88_preview.png","20.00","USD","6513805672AFB_Navy-XL","XL","Navy"
322238314,4077045729,"651380567471b2","cat(I <3 cats) dark unisex t-shirt - Navy / 2XL","cat(I <3 cats) dark unisex t-shirt","https://files.cdn.printful.com/files/f3d/f3dfac40fc3d553265ef746d67b7fc88_preview.png","20.00","USD","6513805672AFB_Navy-2XL","2XL","Navy"
322238314,4077045732,"65138056747202","cat(I <3 cats) dark unisex t-shirt - Navy / 3XL","cat(I <3 cats) dark unisex t-shirt","https://files.cdn.printful.com/files/f3d/f3dfac40fc3d553265ef746d67b7fc88_preview.png","22.00","USD","6513805672AFB_Navy-3XL","3XL","Navy"
322238314,4077045735,"65138056747248","cat(I <3 cats) dark unisex t-shirt - Navy / 4XL","cat(I <3 cats) dark unisex t-shirt","https://files.cdn.printful.com/files/f3d/f3dfac40fc3d553265ef746d67b7fc88_preview.png","22.00","USD","6513805672AFB_Navy-4XL","4XL","Navy"
322238314,4077045738,"65138056747287","cat(I <3 cats) dark unisex t-shirt - Navy / 5XL","cat(I <3 cats) dark unisex t-shirt","https://files.cdn.printful.com/files/f3d/f3dfac40fc3d553265ef746d67b7fc88_preview.png","22.00","USD","6513805672AFB_Navy-5XL","5XL","Navy"
322238314,4077045740,"651380567472c8","cat(I <3 cats) dark unisex t-shirt - Heather Midnight Navy / XS","cat(I <3 cats) dark unisex t-shirt","https://files.cdn.printful.com/files/f3d/f3dfac40fc3d553265ef746d67b7fc88_preview.png","20.00","USD","6513805672AFB_Heather-Midnight-Navy-XS","XS","Heather Midnight Navy"
322238314,4077045742,"65138056747309","cat(I <3 cats) dark unisex t-shirt - Heather Midnight Navy / S","cat(I <3 cats) dark unisex t-shirt","https://files.cdn.printful.com/files/f3d/f3dfac40fc3d553265ef746d67b7fc88_preview.png","20.00","USD","6513805672AFB_Heather-Midnight-Navy-S","S","Heather Midnight Navy"
322238314,4077045745,"65138056747343","cat(I <3 cats) dark unisex t-shirt - Heather Midnight Navy / M","cat(I <3 cats) dark unisex t-shirt","https://files.cdn.printful.com/files/f3d/f3dfac40fc3d553265ef746d67b7fc88_preview.png","20.00","USD","6513805672AFB_Heather-Midnight-Navy-M","M","Heather Midnight Navy"
322238314,4077045748,"65138056747383","cat(I <3 cats) dark unisex t-shirt - Heather Midnight Navy / L","cat(I <3 cats) dark unisex t-shirt","https://files.cdn.printful.com/files/f3d/f3dfac40fc3d553265ef746d67b7fc88_preview.png","20.00","USD","6513805672AFB_Heather-Midnight-Navy-L","L","Heather Midnight Navy"
322238314,4077045750,"651380567473c6","cat(I <3 cats) dark unisex t-shirt - Heather Midnight Navy / XL","cat(I <3 cats) dark unisex t-shirt","https://files.cdn.printful.com/files/f3d/f3dfac40fc3d553265ef746d67b7fc88_preview.png","20.00","USD","6513805672AFB_Heather-Midnight-Navy-XL","XL","Heather Midnight Navy"
322238314,4077045753,"651380567473f5","cat(I <3 cats) dark unisex t-shirt - Heather Midnight Navy / 2XL","cat(I <3 cats) dark unisex t-shirt","https://files.cdn.printful.com/files/f3d/f3dfac40fc3d553265ef746d67b7fc88_preview.png","20.00","USD","6513805672AFB_Heather-Midnight-Navy-2XL","2XL","Heather Midnight Navy"
322238314,4077045755,"65138056747435","cat(I <3 cats) dark unisex t-shirt - Heather Midnight Navy / 3XL","cat(I <3 cats) dark unisex t-shirt","https://files.cdn.printful.com/files/f3d/f3dfac40fc3d553265ef746d67b7fc88_preview.png","22.00","USD","6513805672AFB_Heather-Midnight-Navy-3XL","3XL","Heather Midnight Navy"
322238314,4077045758,"65138056747473","cat(I <3 cats) dark unisex t-shirt - Heather Midnight Navy / 4XL","cat(I <3 cats) dark unisex t-shirt","https://files.cdn.printful.com/files/f3d/f3dfac40fc3d553265ef746d67b7fc88_preview.png","22.00","USD","6513805672AFB_Heather-Midnight-Navy-4XL","4XL","Heather Midnight Navy"
322238314,4077045760,"651380567474b5","cat(I <3 cats) dark unisex t-shirt - Maroon / XS","cat(I <3 cats) dark unisex t-shirt","https://files.cdn.printful.com/files/f3d/f3dfac40fc3d553265ef746d67b7fc88_preview.png","20.00","USD","6513805672AFB_Maroon-XS","XS","Maroon"
322238314,4077045761,"651380567474f6","cat(I <3 cats) dark unisex t-shirt - Maroon / S","cat(I <3 cats) dark unisex t-shirt","https://files.cdn.printful.com/files/f3d/f3dfac40fc3d553265ef746d67b7fc88_preview.png","20.00","USD","6513805672AFB_Maroon-S","S","Maroon"
322238314,4077045764,"65138056747531","cat(I <3 cats) dark unisex t-shirt - Maroon / M","cat(I <3 cats) dark unisex t-shirt","https://files.cdn.printful.com/files/f3d/f3dfac40fc3d553265ef746d67b7fc88_preview.png","20.00","USD","6513805672AFB_Maroon-M","M","Maroon"
322238314,4077045766,"65138056747578","cat(I <3 cats) dark unisex t-shirt - Maroon / L","cat(I <3 cats) dark unisex t-shirt","https://files.cdn.printful.com/files/f3d/f3dfac40fc3d553265ef746d67b7fc88_preview.png","20.00","USD","6513805672AFB_Maroon-L","L","Maroon"
322238314,4077045770,"651380567475b2","cat(I <3 cats) dark unisex t-shirt - Maroon / XL","cat(I <3 cats) dark unisex t-shirt","https://files.cdn.printful.com/files/f3d/f3dfac40fc3d553265ef746d67b7fc88_preview.png","20.00","USD","6513805672AFB_Maroon-XL","XL","Maroon"
322238314,4077045772,"65138056747603","cat(I <3 cats) dark unisex t-shirt - Maroon / 2XL","cat(I <3 cats) dark unisex t-shirt","https://files.cdn.printful.com/files/f3d/f3dfac40fc3d553265ef746d67b7fc88_preview.png","20.00","USD","6513805672AFB_Maroon-2XL","2XL","Maroon"
322238314,4077045776,"65138056747649","cat(I <3 cats) dark unisex t-shirt - Maroon / 3XL","cat(I <3 cats) dark unisex t-shirt","https://files.cdn.printful.com/files/f3d/f3dfac40fc3d553265ef746d67b7fc88_preview.png","22.00","USD","6513805672AFB_Maroon-3XL","3XL","Maroon"
322238314,4077045780,"65138056747694","cat(I <3 cats) dark unisex t-shirt - Maroon / 4XL","cat(I <3 cats) dark unisex t-shirt","https://files.cdn.printful.com/files/f3d/f3dfac40fc3d553265ef746d67b7fc88_preview.png","22.00","USD","6513805672AFB_Maroon-4XL","4XL","Maroon"
322238314,4077045782,"651380567476d8","cat(I <3 cats) dark unisex t-shirt - Dark Grey Heather / XS","cat(I <3 cats) dark unisex t-shirt","https://files.cdn.printful.com/files/f3d/f3dfac40fc3d553265ef746d67b7fc88_preview.png","20.00","USD","6513805672AFB_Dark-Grey-Heather-XS","XS","Dark Grey Heather"
322238314,4077045786,"65138056747719","cat(I <3 cats) dark unisex t-shirt - Dark Grey Heather / S","cat(I <3 cats) dark unisex t-shirt","https://files.cdn.printful.com/files/f3d/f3dfac40fc3d553265ef746d67b7fc88_preview.png","20.00","USD","6513805672AFB_Dark-Grey-Heather-S","S","Dark Grey Heather"
322238314,4077045789,"65138056747754","cat(I <3 cats) dark unisex t-shirt - Dark Grey Heather / M","cat(I <3 cats) dark unisex t-shirt","https://files.cdn.printful.com/files/f3d/f3dfac40fc3d553265ef746d67b7fc88_preview.png","20.00","USD","6513805672AFB_Dark-Grey-Heather-M","M","Dark Grey Heather"
322238314,4077045792,"65138056747798","cat(I <3 cats) dark unisex t-shirt - Dark Grey Heather / L","cat(I <3 cats) dark unisex t-shirt","https://files.cdn.printful.com/files/f3d/f3dfac40fc3d553265ef746d67b7fc88_preview.png","20.00","USD","6513805672AFB_Dark-Grey-Heather-L","L","Dark Grey Heather"
322238314,4077045793,"651380567477e1","cat(I <3 cats) dark unisex t-shirt - Dark Grey Heather / XL","cat(I <3 cats) dark unisex t-shirt","https://files.cdn.printful.com/files/f3d/f3dfac40fc3d553265ef746d67b7fc88_preview.png","20.00","USD","6513805672AFB_Dark-Grey-Heather-XL","XL","Dark Grey Heather"
322238314,4077045794,"65138056747827","cat(I <3 cats) dark unisex t-shirt - Dark Grey Heather / 2XL","cat(I <3 cats) dark unisex t-shirt","https://files.cdn.printful.com/files/f3d/f3dfac40fc3d553265ef746d67b7fc88_preview.png","20.00","USD","6513805672AFB_Dark-Grey-Heather-2XL","2XL","Dark Grey Heather"
322238314,4077045795,"65138056747875","cat(I <3 cats) dark unisex t-shirt - Dark Grey Heather / 3XL","cat(I <3 cats) dark unisex t-shirt","https://files.cdn.printful.com/files/f3d/f3dfac40fc3d553265ef746d67b7fc88_preview.png","22.00","USD","6513805672AFB_Dark-Grey-Heather-3XL","3XL","Dark Grey Heather"
322238314,4077045796,"651380567478b9","cat(I <3 cats) dark unisex t-shirt - Dark Grey Heather / 4XL","cat(I <3 cats) dark unisex t-shirt","https://files.cdn.printful.com/files/f3d/f3dfac40fc3d553265ef746d67b7fc88_preview.png","22.00","USD","6513805672AFB_Dark-Grey-Heather-4XL","4XL","Dark Grey Heather"
322238314,4077045797,"65138056747968","cat(I <3 cats) dark unisex t-shirt - Dark Grey Heather / 5XL","cat(I <3 cats) dark unisex t-shirt","https://files.cdn.printful.com/files/f3d/f3dfac40fc3d553265ef746d67b7fc88_preview.png","22.00","USD","6513805672AFB_Dark-Grey-Heather-5XL","5XL","Dark Grey Heather"
322238314,4077045798,"651380567479b6","cat(I <3 cats) dark unisex t-shirt - Asphalt / S","cat(I <3 cats) dark unisex t-shirt","https://files.cdn.printful.com/files/f3d/f3dfac40fc3d553265ef746d67b7fc88_preview.png","20.00","USD","6513805672AFB_Asphalt-S","S","Asphalt"
322238314,4077045799,"651380567479f1","cat(I <3 cats) dark unisex t-shirt - Asphalt / M","cat(I <3 cats) dark unisex t-shirt","https://files.cdn.printful.com/files/f3d/f3dfac40fc3d553265ef746d67b7fc88_preview.png","20.00","USD","6513805672AFB_Asphalt-M","M","Asphalt"
322238314,4077045800,"65138056747a33","cat(I <3 cats) dark unisex t-shirt - Asphalt / L","cat(I <3 cats) dark unisex t-shirt","https://files.cdn.printful.com/files/f3d/f3dfac40fc3d553265ef746d67b7fc88_preview.png","20.00","USD","6513805672AFB_Asphalt-L","L","Asphalt"
322238314,4077045801,"65138056747a71","cat(I <3 cats) dark unisex t-shirt - Asphalt / XL","cat(I <3 cats) dark unisex t-shirt","https://files.cdn.printful.com/files/f3d/f3dfac40fc3d553265ef746d67b7fc88_preview.png","20.00","USD","6513805672AFB_Asphalt-XL","XL","Asphalt"
322238314,4077045802,"65138056747ad3","cat(I <3 cats) dark unisex t-shirt - Asphalt / 2XL","cat(I <3 cats) dark unisex t-shirt","https://files.cdn.printful.com/files/f3d/f3dfac40fc3d553265ef746d67b7fc88_preview.png","20.00","USD","6513805672AFB_Asphalt-2XL","2XL","Asphalt"
322238314,4077045803,"65138056747b14","cat(I <3 cats) dark unisex t-shirt - Asphalt / 3XL","cat(I <3 cats) dark unisex t-shirt","https://files.cdn.printful.com/files/f3d/f3dfac40fc3d553265ef746d67b7fc88_preview.png","22.00","USD","6513805672AFB_Asphalt-3XL","3XL","Asphalt"
322238314,4077045804,"65138056747b55","cat(I <3 cats) dark unisex t-shirt - Asphalt / 4XL","cat(I <3 cats) dark unisex t-shirt","https://files.cdn.printful.com/files/f3d/f3dfac40fc3d553265ef746d67b7fc88_preview.png","22.00","USD","6513805672AFB_Asphalt-4XL","4XL","Asphalt"
322225382,4076792693,"6513614d4b37f5","furrr unisex t-shirt - Black / XS","furrr unisex t-shirt","https://files.cdn.printful.com/files/f3d/f3dfac40fc3d553265ef746d67b7fc88_preview.png","20.00","USD","6513614D48B97_Black-XS","XS","Black"
322225382,4076792694,"6513614d4b3867","furrr unisex t-shirt - Black / S","furrr unisex t-shirt","https://files.cdn.printful.com/files/f3d/f3dfac40fc3d553265ef746d67b7fc88_preview.png","20.00","USD","6513614D48B97_Black-S","S","Black"
322225382,4076792695,"6513614d4b38b5","furrr unisex t-shirt - Black / M","furrr unisex t-shirt","https://files.cdn.printful.com/files/f3d/f3dfac40fc3d553265ef746d67b7fc88_preview.png","20.00","USD","6513614D48B97_Black-M","M","Black"
322225382,4076792697,"6513614d4b3905","furrr unisex t-shirt - Black / L","furrr unisex t-shirt","https://files.cdn.printful.com/files/f3d/f3dfac40fc3d553265ef746d67b7fc88_preview.png","20.00","USD","6513614D48B97_Black-L","L","Black"
322225382,4076792698,"6513614d4b3947","furrr unisex t-shirt - Black / XL","furrr unisex t-shirt","https://files.cdn.printful.com/files/f3d/f3dfac40fc3d553265ef746d67b7fc88_preview.png","20.00","USD","6513614D48B97_Black-XL","XL","Black"
322225382,4076792699,"6513614d4b3986","furrr unisex t-shirt - Black / 2XL","furrr unisex t-shirt","https://files.cdn.printful.com/files/f3d/f3dfac40fc3d553265ef746d67b7fc88_preview.png","20.00","USD","6513614D48B97_Black-2XL","2XL","Black"
322225382,4076792701,"6513614d4b39b5","furrr unisex t-shirt - Black / 3XL","furrr unisex t-shirt","https://files.cdn.printful.com/files/f3d/f3dfac40fc3d553265ef746d67b7fc88_preview.png","22.00","USD","6513614D48B97_Black-3XL","3XL","Black"
322225382,4076792702,"6513614d4b39d6","furrr unisex t-shirt - Black / 4XL","furrr unisex t-shirt","https://files.cdn.printful.com/files/f3d/f3dfac40fc3d553265ef746d67b7fc88_preview.png","22.00","USD","6513614D48B97_Black-4XL","4XL","Black"
322225382,4076792704,"6513614d4b3a06","furrr unisex t-shirt - Black / 5XL","furrr unisex t-shirt","https://files.cdn.printful.com/files/f3d/f3dfac40fc3d553265ef746d67b7fc88_preview.png","22.00","USD","6513614D48B97_Black-5XL","5XL","Black"
322225382,4076792705,"6513614d4b3a32","furrr unisex t-shirt - Navy / XS","furrr unisex t-shirt","https://files.cdn.printful.com/files/f3d/f3dfac40fc3d553265ef746d67b7fc88_preview.png","20.00","USD","6513614D48B97_Navy-XS","XS","Navy"
322225382,4076792707,"6513614d4b3a61","furrr unisex t-shirt - Navy / S","furrr unisex t-shirt","https://files.cdn.printful.com/files/f3d/f3dfac40fc3d553265ef746d67b7fc88_preview.png","20.00","USD","6513614D48B97_Navy-S","S","Navy"
322225382,4076792709,"6513614d4b3a81","furrr unisex t-shirt - Navy / M","furrr unisex t-shirt","https://files.cdn.printful.com/files/f3d/f3dfac40fc3d553265ef746d67b7fc88_preview.png","20.00","USD","6513614D48B97_Navy-M","M","Navy"
322225382,4076792710,"6513614d4b3ab9","furrr unisex t-shirt - Navy / L","furrr unisex t-shirt","https://files.cdn.printful.com/files/f3d/f3dfac40fc3d553265ef746d67b7fc88_preview.png","20.00","USD","6513614D48B97_Navy-L","L","Navy"
322225382,4076792712,"6513614d4b3ae1","furrr unisex t-shirt - Navy / XL","furrr unisex t-shirt","https://files.cdn.printful.com/files/f3d/f3dfac40fc3d553265ef746d67b7fc88_preview.png","20.00","USD","6513614D48B97_Navy-XL","XL","Navy"
322225382,4076792713,"6513614d4b3b18","furrr unisex t-shirt - Navy / 2XL","furrr unisex t-shirt","https://files.cdn.printful.com/files/f3d/f3dfac40fc3d553265ef746d67b7fc88_preview.png","20.00","USD","6513614D48B97_Navy-2XL","2XL","Navy"
322225382,4076792714,"6513614d4b3b37","furrr unisex t-shirt - Navy / 3XL","furrr unisex t-shirt","https://files.cdn.printful.com/files/f3d/f3dfac40fc3d553265ef746d67b7fc88_preview.png","22.00","USD","6513614D48B97_Navy-3XL","3XL","Navy"
322225382,4076792717,"6513614d4b3b63","furrr unisex t-shirt - Navy / 4XL","furrr unisex t-shirt","https://files.cdn.printful.com/files/f3d/f3dfac40fc3d553265ef746d67b7fc88_preview.png","22.00","USD","6513614D48B97_Navy-4XL","4XL","Navy"
322225382,4076792718,"6513614d4b3b97","furrr unisex t-shirt - Navy / 5XL","furrr unisex t-shirt","https://files.cdn.printful.com/files/f3d/f3dfac40fc3d553265ef746d67b7fc88_preview.png","22.00","USD","6513614D48B97_Navy-5XL","5XL","Navy"
322225382,4076792719,"6513614d4b3bc3","furrr unisex t-shirt - Cardinal / XS","furrr unisex t-shirt","https://files.cdn.printful.com/files/f3d/f3dfac40fc3d553265ef746d67b7fc88_preview.png","20.00","USD","6513614D48B97_Cardinal-XS","XS","Cardinal"
322225382,4076792721,"6513614d4b3bf8","furrr unisex t-shirt - Cardinal / S","furrr unisex t-shirt","https://files.cdn.printful.com/files/f3d/f3dfac40fc3d553265ef746d67b7fc88_preview.png","20.00","USD","6513614D48B97_Cardinal-S","S","Cardinal"
322225382,4076792722,"6513614d4b3c29","furrr unisex t-shirt - Cardinal / M","furrr unisex t-shirt","https://files.cdn.printful.com/files/f3d/f3dfac40fc3d553265ef746d67b7fc88_preview.png","20.00","USD","6513614D48B97_Cardinal-M","M","Cardinal"
322225382,4076792724,"6513614d4b3c46","furrr unisex t-shirt - Cardinal / L","furrr unisex t-shirt","https://files.cdn.printful.com/files/f3d/f3dfac40fc3d553265ef746d67b7fc88_preview.png","20.00","USD","6513614D48B97_Cardinal-L","L","Cardinal"
322225382,4076792725,"6513614d4b3c74","furrr unisex t-shirt - Cardinal / XL","furrr unisex t-shirt","https://files.cdn.printful.com/files/f3d/f3dfac40fc3d553265ef746d67b7fc88_preview.png","20.00","USD","6513614D48B97_Cardinal-XL","XL","Cardinal"
322225382,4076792727,"6513614d4b3ca6","furrr unisex t-shirt - Cardinal / 2XL","furrr unisex t-shirt","https://files.cdn.printful.com/files/f3d/f3dfac40fc3d553265ef746d67b7fc88_preview.png","20.00","USD","6513614D48B97_Cardinal-2XL","2XL","Cardinal"
322225382,4076792728,"6513614d4b3cd9","furrr unisex t-shirt - Berry / S","furrr unisex t-shirt","https://files.cdn.printful.com/files/f3d/f3dfac40fc3d553265ef746d67b7fc88_preview.png","20.00","USD","6513614D48B97_Berry-S","S","Berry"
322225382,4076792729,"6513614d4b3cf4","furrr unisex t-shirt - Berry / M","furrr unisex t-shirt","https://files.cdn.printful.com/files/f3d/f3dfac40fc3d553265ef746d67b7fc88_preview.png","20.00","USD","6513614D48B97_Berry-M","M","Berry"
322225382,4076792731,"6513614d4b3d22","furrr unisex t-shirt - Berry / L","furrr unisex t-shirt","https://files.cdn.printful.com/files/f3d/f3dfac40fc3d553265ef746d67b7fc88_preview.png","20.00","USD","6513614D48B97_Berry-L","L","Berry"
322225382,4076792732,"6513614d4b3d51","furrr unisex t-shirt - Berry / XL","furrr unisex t-shirt","https://files.cdn.printful.com/files/f3d/f3dfac40fc3d553265ef746d67b7fc88_preview.png","20.00","USD","6513614D48B97_Berry-XL","XL","Berry"
322225382,4076792734,"6513614d4b3d88","furrr unisex t-shirt - Berry / 2XL","furrr unisex t-shirt","https://files.cdn.printful.com/files/f3d/f3dfac40fc3d553265ef746d67b7fc88_preview.png","20.00","USD","6513614D48B97_Berry-2XL","2XL","Berry"
322225382,4076792735,"6513614d4b3db9","furrr unisex t-shirt - Berry / 3XL","furrr unisex t-shirt","https://files.cdn.printful.com/files/f3d/f3dfac40fc3d553265ef746d67b7fc88_preview.png","22.00","USD","6513614D48B97_Berry-3XL","3XL","Berry"
322225382,4076792737,"6513614d4b3de3","furrr unisex t-shirt - Berry / 4XL","furrr unisex t-shirt","https://files.cdn.printful.com/files/f3d/f3dfac40fc3d553265ef746d67b7fc88_preview.png","22.00","USD","6513614D48B97_Berry-4XL","4XL","Berry"
322225382,4076792738,"6513614d4b3e02","furrr unisex t-shirt - Asphalt / S","furrr unisex t-shirt","https://files.cdn.printful.com/files/f3d/f3dfac40fc3d553265ef746d67b7fc88_preview.png","20.00","USD","6513614D48B97_Asphalt-S","S","Asphalt"
322225382,4076792739,"6513614d4b3e31","furrr unisex t-shirt - Asphalt / M","furrr unisex t-shirt","https://files.cdn.printful.com/files/f3d/f3dfac40fc3d553265ef746d67b7fc88_preview.png","20.00","USD","6513614D48B97_Asphalt-M","M","Asphalt"
322225382,4076792741,"6513614d4b3e62","furrr unisex t-shirt - Asphalt / L","furrr unisex t-shirt","https://files.cdn.printful.com/files/f3d/f3dfac40fc3d553265ef746d67b7fc88_preview.png","20.00","USD","6513614D48B97_Asphalt-L","L","Asphalt"
322225382,4076792743,"6513614d4b3e84","furrr unisex t-shirt - Asphalt / XL","furrr unisex t-shirt","https://files.cdn.printful.com/files/f3d/f3dfac40fc3d553265ef746d67b7fc88_preview.png","20.00","USD","6513614D48B97_Asphalt-XL","XL","Asphalt"
322225382,4076792746,"6513614d4b3eb4","furrr unisex t-shirt - Asphalt / 2XL","furrr unisex t-shirt","https://files.cdn.printful.com/files/f3d/f3dfac40fc3d553265ef746d67b7fc88_preview.png","20.00","USD","6513614D48B97_Asphalt-2XL","2XL","Asphalt"
322225382,4076792751,"6513614d4b3ee3","furrr unisex t-shirt - Asphalt / 3XL","furrr unisex t-shirt","https://files.cdn.printful.com/files/f3d/f3dfac40fc3d553265ef746d67b7fc88_preview.png","22.00","USD","6513614D48B97_Asphalt-3XL","3XL","Asphalt"
322225382,4076792755,"6513614d4b3f15","furrr unisex t-shirt - Asphalt / 4XL","furrr unisex t-shirt","https://files.cdn.printful.com/files/f3d/f3dfac40fc3d553265ef746d67b7fc88_preview.png","22.00","USD","6513614D48B97_Asphalt-4XL","4XL","Asphalt"
322225382,4076792759,"6513614d4b3f34","furrr unisex t-shirt - Aqua / S","furrr unisex t-shirt","https://files.cdn.printful.com/files/f3d/f3dfac40fc3d553265ef746d67b7fc88_preview.png","20.00","USD","6513614D48B97_Aqua-S","S","Aqua"
322225382,4076792762,"6513614d4b3f61","furrr unisex t-shirt - Aqua / M","furrr unisex t-shirt","https://files.cdn.printful.com/files/f3d/f3dfac40fc3d553265ef746d67b7fc88_preview.png","20.00","USD","6513614D48B97_Aqua-M","M","Aqua"
322225382,4076792767,"6513614d4b3f99","furrr unisex t-shirt - Aqua / L","furrr unisex t-shirt","https://files.cdn.printful.com/files/f3d/f3dfac40fc3d553265ef746d67b7fc88_preview.png","20.00","USD","6513614D48B97_Aqua-L","L","Aqua"
322225382,4076792771,"6513614d4b3fb5","furrr unisex t-shirt - Aqua / XL","furrr unisex t-shirt","https://files.cdn.printful.com/files/f3d/f3dfac40fc3d553265ef746d67b7fc88_preview.png","20.00","USD","6513614D48B97_Aqua-XL","XL","Aqua"
322225382,4076792774,"6513614d4b4001","furrr unisex t-shirt - Aqua / 2XL","furrr unisex t-shirt","https://files.cdn.printful.com/files/f3d/f3dfac40fc3d553265ef746d67b7fc88_preview.png","20.00","USD","6513614D48B97_Aqua-2XL","2XL","Aqua"
322225382,4076792779,"6513614d4b4043","furrr unisex t-shirt - Aqua / 3XL","furrr unisex t-shirt","https://files.cdn.printful.com/files/f3d/f3dfac40fc3d553265ef746d67b7fc88_preview.png","22.00","USD","6513614D48B97_Aqua-3XL","3XL","Aqua"
322225382,4076792784,"6513614d4b4089","furrr unisex t-shirt - Aqua / 4XL","furrr unisex t-shirt","https://files.cdn.printful.com/files/f3d/f3dfac40fc3d553265ef746d67b7fc88_preview.png","22.00","USD","6513614D48B97_Aqua-4XL","4XL","Aqua"
322222762,4076780352,"65135f67491f21","forcats unisex t-shirt - Black / XS","forcats unisex t-shirt","https://files.cdn.printful.com/files/f3d/f3dfac40fc3d553265ef746d67b7fc88_preview.png","20.00","USD","65135F674525A_Black-XS","XS","Black"
322222762,4076780353,"65135f67491f81","forcats unisex t-shirt - Black / S","forcats unisex t-shirt","https://files.cdn.printful.com/files/f3d/f3dfac40fc3d553265ef746d67b7fc88_preview.png","20.00","USD","65135F674525A_Black-S","S","Black"
322222762,4076780354,"65135f67491fc9","forcats unisex t-shirt - Black / M","forcats unisex t-shirt","https://files.cdn.printful.com/files/f3d/f3dfac40fc3d553265ef746d67b7fc88_preview.png","20.00","USD","65135F674525A_Black-M","M","Black"
322222762,4076780355,"65135f67492002","forcats unisex t-shirt - Black / L","forcats unisex t-shirt","https://files.cdn.printful.com/files/f3d/f3dfac40fc3d553265ef746d67b7fc88_preview.png","20.00","USD","65135F674525A_Black-L","L","Black"
322222762,4076780356,"65135f67492033","forcats unisex t-shirt - Black / XL","forcats unisex t-shirt","https://files.cdn.printful.com/files/f3d/f3dfac40fc3d553265ef746d67b7fc88_preview.png","20.00","USD","65135F674525A_Black-XL","XL","Black"
322222762,4076780357,"65135f67492071","forcats unisex t-shirt - Black / 2XL","forcats unisex t-shirt","https://files.cdn.printful.com/files/f3d/f3dfac40fc3d553265ef746d67b7fc88_preview.png","20.00","USD","65135F674525A_Black-2XL","2XL","Black"
322222762,4076780358,"65135f674920a5","forcats unisex t-shirt - Black / 3XL","forcats unisex t-shirt","https://files.cdn.printful.com/files/f3d/f3dfac40fc3d553265ef746d67b7fc88_preview.png","22.00","USD","65135F674525A_Black-3XL","3XL","Black"
322222762,4076780359,"65135f674920d8","forcats unisex t-shirt - Black / 4XL","forcats unisex t-shirt","https://files.cdn.printful.com/files/f3d/f3dfac40fc3d553265ef746d67b7fc88_preview.png","22.00","USD","65135F674525A_Black-4XL","4XL","Black"
322222762,4076780360,"65135f67492116","forcats unisex t-shirt - Black / 5XL","forcats unisex t-shirt","https://files.cdn.printful.com/files/f3d/f3dfac40fc3d553265ef746d67b7fc88_preview.png","22.00","USD","65135F674525A_Black-5XL","5XL","Black"
322222762,4076780361,"65135f67492141","forcats unisex t-shirt - Navy / XS","forcats unisex t-shirt","https://files.cdn.printful.com/files/f3d/f3dfac40fc3d553265ef746d67b7fc88_preview.png","20.00","USD","65135F674525A_Navy-XS","XS","Navy"
322222762,4076780362,"65135f67492184","forcats unisex t-shirt - Navy / S","forcats unisex t-shirt","https://files.cdn.printful.com/files/f3d/f3dfac40fc3d553265ef746d67b7fc88_preview.png","20.00","USD","65135F674525A_Navy-S","S","Navy"
322222762,4076780363,"65135f674921c7","forcats unisex t-shirt - Navy / M","forcats unisex t-shirt","https://files.cdn.printful.com/files/f3d/f3dfac40fc3d553265ef746d67b7fc88_preview.png","20.00","USD","65135F674525A_Navy-M","M","Navy"
322222762,4076780364,"65135f674921f9","forcats unisex t-shirt - Navy / L","forcats unisex t-shirt","https://files.cdn.printful.com/files/f3d/f3dfac40fc3d553265ef746d67b7fc88_preview.png","20.00","USD","65135F674525A_Navy-L","L","Navy"
322222762,4076780365,"65135f67492236","forcats unisex t-shirt - Navy / XL","forcats unisex t-shirt","https://files.cdn.printful.com/files/f3d/f3dfac40fc3d553265ef746d67b7fc88_preview.png","20.00","USD","65135F674525A_Navy-XL","XL","Navy"
322222762,4076780366,"65135f67492269","forcats unisex t-shirt - Navy / 2XL","forcats unisex t-shirt","https://files.cdn.printful.com/files/f3d/f3dfac40fc3d553265ef746d67b7fc88_preview.png","20.00","USD","65135F674525A_Navy-2XL","2XL","Navy"
322222762,4076780367,"65135f67492295","forcats unisex t-shirt - Navy / 3XL","forcats unisex t-shirt","https://files.cdn.printful.com/files/f3d/f3dfac40fc3d553265ef746d67b7fc88_preview.png","22.00","USD","65135F674525A_Navy-3XL","3XL","Navy"
322222762,4076780368,"65135f674922c1","forcats unisex t-shirt - Navy / 4XL","forcats unisex t-shirt","https://files.cdn.printful.com/files/f3d/f3dfac40fc3d553265ef746d67b7fc88_preview.png","22.00","USD","65135F674525A_Navy-4XL","4XL","Navy"
322222762,4076780369,"65135f67492308","forcats unisex t-shirt - Navy / 5XL","forcats unisex t-shirt","https://files.cdn.printful.com/files/f3d/f3dfac40fc3d553265ef746d67b7fc88_preview.png","22.00","USD","65135F674525A_Navy-5XL","5XL","Navy"
322222762,4076780370,"65135f67492334","forcats unisex t-shirt - Cardinal / XS","forcats unisex t-shirt","https://files.cdn.printful.com/files/f3d/f3dfac40fc3d553265ef746d67b7fc88_preview.png","20.00","USD","65135F674525A_Cardinal-XS","XS","Cardinal"
322222762,4076780371,"65135f67492367","forcats unisex t-shirt - Cardinal / S","forcats unisex t-shirt","https://files.cdn.printful.com/files/f3d/f3dfac40fc3d553265ef746d67b7fc88_preview.png","20.00","USD","65135F674525A_Cardinal-S","S","Cardinal"
322222762,4076780372,"65135f67492395","forcats unisex t-shirt - Cardinal / M","forcats unisex t-shirt","https://files.cdn.printful.com/files/f3d/f3dfac40fc3d553265ef746d67b7fc88_preview.png","20.00","USD","65135F674525A_Cardinal-M","M","Cardinal"
322222762,4076780373,"65135f674923c2","forcats unisex t-shirt - Cardinal / L","forcats unisex t-shirt","https://files.cdn.printful.com/files/f3d/f3dfac40fc3d553265ef746d67b7fc88_preview.png","20.00","USD","65135F674525A_Cardinal-L","L","Cardinal"
322222762,4076780374,"65135f67492406","forcats unisex t-shirt - Cardinal / XL","forcats unisex t-shirt","https://files.cdn.printful.com/files/f3d/f3dfac40fc3d553265ef746d67b7fc88_preview.png","20.00","USD","65135F674525A_Cardinal-XL","XL","Cardinal"
322222762,4076780375,"65135f67492437","forcats unisex t-shirt - Cardinal / 2XL","forcats unisex t-shirt","https://files.cdn.printful.com/files/f3d/f3dfac40fc3d553265ef746d67b7fc88_preview.png","20.00","USD","65135F674525A_Cardinal-2XL","2XL","Cardinal"
322222762,4076780376,"65135f67492463","forcats unisex t-shirt - Berry / S","forcats unisex t-shirt","https://files.cdn.printful.com/files/f3d/f3dfac40fc3d553265ef746d67b7fc88_preview.png","20.00","USD","65135F674525A_Berry-S","S","Berry"
322222762,4076780377,"65135f67492493","forcats unisex t-shirt - Berry / M","forcats unisex t-shirt","https://files.cdn.printful.com/files/f3d/f3dfac40fc3d553265ef746d67b7fc88_preview.png","20.00","USD","65135F674525A_Berry-M","M","Berry"
322222762,4076780378,"65135f674924c2","forcats unisex t-shirt - Berry / L","forcats unisex t-shirt","https://files.cdn.printful.com/files/f3d/f3dfac40fc3d553265ef746d67b7fc88_preview.png","20.00","USD","65135F674525A_Berry-L","L","Berry"
322222762,4076780379,"65135f674924f5","forcats unisex t-shirt - Berry / XL","forcats unisex t-shirt","https://files.cdn.printful.com/files/f3d/f3dfac40fc3d553265ef746d67b7fc88_preview.png","20.00","USD","65135F674525A_Berry-XL","XL","Berry"
322222762,4076780380,"65135f67492538","forcats unisex t-shirt - Berry / 2XL","forcats unisex t-shirt","https://files.cdn.printful.com/files/f3d/f3dfac40fc3d553265ef746d67b7fc88_preview.png","20.00","USD","65135F674525A_Berry-2XL","2XL","Berry"
322222762,4076780381,"65135f67492563","forcats unisex t-shirt - Berry / 3XL","forcats unisex t-shirt","https://files.cdn.printful.com/files/f3d/f3dfac40fc3d553265ef746d67b7fc88_preview.png","22.00","USD","65135F674525A_Berry-3XL","3XL","Berry"
322222762,4076780382,"65135f67492593","forcats unisex t-shirt - Berry / 4XL","forcats unisex t-shirt","https://files.cdn.printful.com/files/f3d/f3dfac40fc3d553265ef746d67b7fc88_preview.png","22.00","USD","65135F674525A_Berry-4XL","4XL","Berry"
322222762,4076780383,"65135f674925c7","forcats unisex t-shirt - Asphalt / S","forcats unisex t-shirt","https://files.cdn.printful.com/files/f3d/f3dfac40fc3d553265ef746d67b7fc88_preview.png","20.00","USD","65135F674525A_Asphalt-S","S","Asphalt"
322222762,4076780384,"65135f67492609","forcats unisex t-shirt - Asphalt / M","forcats unisex t-shirt","https://files.cdn.printful.com/files/f3d/f3dfac40fc3d553265ef746d67b7fc88_preview.png","20.00","USD","65135F674525A_Asphalt-M","M","Asphalt"
322222762,4076780385,"65135f67492636","forcats unisex t-shirt - Asphalt / L","forcats unisex t-shirt","https://files.cdn.printful.com/files/f3d/f3dfac40fc3d553265ef746d67b7fc88_preview.png","20.00","USD","65135F674525A_Asphalt-L","L","Asphalt"
322222762,4076780386,"65135f67492668","forcats unisex t-shirt - Asphalt / XL","forcats unisex t-shirt","https://files.cdn.printful.com/files/f3d/f3dfac40fc3d553265ef746d67b7fc88_preview.png","20.00","USD","65135F674525A_Asphalt-XL","XL","Asphalt"
322222762,4076780387,"65135f67492697","forcats unisex t-shirt - Asphalt / 2XL","forcats unisex t-shirt","https://files.cdn.printful.com/files/f3d/f3dfac40fc3d553265ef746d67b7fc88_preview.png","20.00","USD","65135F674525A_Asphalt-2XL","2XL","Asphalt"
322222762,4076780388,"65135f674926c8","forcats unisex t-shirt - Asphalt / 3XL","forcats unisex t-shirt","https://files.cdn.printful.com/files/f3d/f3dfac40fc3d553265ef746d67b7fc88_preview.png","22.00","USD","65135F674525A_Asphalt-3XL","3XL","Asphalt"
322222762,4076780389,"65135f67492705","forcats unisex t-shirt - Asphalt / 4XL","forcats unisex t-shirt","https://files.cdn.printful.com/files/f3d/f3dfac40fc3d553265ef746d67b7fc88_preview.png","22.00","USD","65135F674525A_Asphalt-4XL","4XL","Asphalt"
322222762,4076780390,"65135f67492749","forcats unisex t-shirt - Aqua / S","forcats unisex t-shirt","https://files.cdn.printful.com/files/f3d/f3dfac40fc3d553265ef746d67b7fc88_preview.png","20.00","USD","65135F674525A_Aqua-S","S","Aqua"
322222762,4076780391,"65135f67492786","forcats unisex t-shirt - Aqua / M","forcats unisex t-shirt","https://files.cdn.printful.com/files/f3d/f3dfac40fc3d553265ef746d67b7fc88_preview.png","20.00","USD","65135F674525A_Aqua-M","M","Aqua"
322222762,4076780392,"65135f674927d7","forcats unisex t-shirt - Aqua / L","forcats unisex t-shirt","https://files.cdn.printful.com/files/f3d/f3dfac40fc3d553265ef746d67b7fc88_preview.png","20.00","USD","65135F674525A_Aqua-L","L","Aqua"
322222762,4076780393,"65135f67492823","forcats unisex t-shirt - Aqua / XL","forcats unisex t-shirt","https://files.cdn.printful.com/files/f3d/f3dfac40fc3d553265ef746d67b7fc88_preview.png","20.00","USD","65135F674525A_Aqua-XL","XL","Aqua"
322222762,4076780394,"65135f67492861","forcats unisex t-shirt - Aqua / 2XL","forcats unisex t-shirt","https://files.cdn.printful.com/files/f3d/f3dfac40fc3d553265ef746d67b7fc88_preview.png","20.00","USD","65135F674525A_Aqua-2XL","2XL","Aqua"
322222762,4076780395,"65135f674928b3","forcats unisex t-shirt - Aqua / 3XL","forcats unisex t-shirt","https://files.cdn.printful.com/files/f3d/f3dfac40fc3d553265ef746d67b7fc88_preview.png","22.00","USD","65135F674525A_Aqua-3XL","3XL","Aqua"
322222762,4076780396,"65135f674928f5","forcats unisex t-shirt - Aqua / 4XL","forcats unisex t-shirt","https://files.cdn.printful.com/files/f3d/f3dfac40fc3d553265ef746d67b7fc88_preview.png","22.00","USD","65135F674525A_Aqua-4XL","4XL","Aqua"
322222762,4076780397,"65135f67492947","forcats unisex t-shirt - Kelly / XS","forcats unisex t-shirt","https://files.cdn.printful.com/files/f3d/f3dfac40fc3d553265ef746d67b7fc88_preview.png","20.00","USD","65135F674525A_Kelly-XS","XS","Kelly"
322222762,4076780398,"65135f67492981","forcats unisex t-shirt - Kelly / S","forcats unisex t-shirt","https://files.cdn.printful.com/files/f3d/f3dfac40fc3d553265ef746d67b7fc88_preview.png","20.00","USD","65135F674525A_Kelly-S","S","Kelly"
322222762,4076780399,"65135f674929d5","forcats unisex t-shirt - Kelly / M","forcats unisex t-shirt","https://files.cdn.printful.com/files/f3d/f3dfac40fc3d553265ef746d67b7fc88_preview.png","20.00","USD","65135F674525A_Kelly-M","M","Kelly"
322222762,4076780400,"65135f67492a14","forcats unisex t-shirt - Kelly / L","forcats unisex t-shirt","https://files.cdn.printful.com/files/f3d/f3dfac40fc3d553265ef746d67b7fc88_preview.png","20.00","USD","65135F674525A_Kelly-L","L","Kelly"
322222762,4076780401,"65135f67492a65","forcats unisex t-shirt - Kelly / XL","forcats unisex t-shirt","https://files.cdn.printful.com/files/f3d/f3dfac40fc3d553265ef746d67b7fc88_preview.png","20.00","USD","65135F674525A_Kelly-XL","XL","Kelly"
322222762,4076780402,"65135f67492aa7","forcats unisex t-shirt - Kelly / 2XL","forcats unisex t-shirt","https://files.cdn.printful.com/files/f3d/f3dfac40fc3d553265ef746d67b7fc88_preview.png","20.00","USD","65135F674525A_Kelly-2XL","2XL","Kelly"
322222762,4076780403,"65135f67492ae2","forcats unisex t-shirt - Kelly / 3XL","forcats unisex t-shirt","https://files.cdn.printful.com/files/f3d/f3dfac40fc3d553265ef746d67b7fc88_preview.png","22.00","USD","65135F674525A_Kelly-3XL","3XL","Kelly"
322222762,4076780404,"65135f67492b25","forcats unisex t-shirt - Kelly / 4XL","forcats unisex t-shirt","https://files.cdn.printful.com/files/f3d/f3dfac40fc3d553265ef746d67b7fc88_preview.png","22.00","USD","65135F674525A_Kelly-4XL","4XL","Kelly"
322222762,4076780405,"65135f67492b62","forcats unisex t-shirt - Mauve / S","forcats unisex t-shirt","https://files.cdn.printful.com/files/f3d/f3dfac40fc3d553265ef746d67b7fc88_preview.png","20.00","USD","65135F674525A_Mauve-S","S","Mauve"
322222762,4076780406,"65135f67492bb6","forcats unisex t-shirt - Mauve / M","forcats unisex t-shirt","https://files.cdn.printful.com/files/f3d/f3dfac40fc3d553265ef746d67b7fc88_preview.png","20.00","USD","65135F674525A_Mauve-M","M","Mauve"
322222762,4076780407,"65135f67492c02","forcats unisex t-shirt - Mauve / L","forcats unisex t-shirt","https://files.cdn.printful.com/files/f3d/f3dfac40fc3d553265ef746d67b7fc88_preview.png","20.00","USD","65135F674525A_Mauve-L","L","Mauve"
322222762,4076780408,"65135f67492c54","forcats unisex t-shirt - Mauve / XL","forcats unisex t-shirt","https://files.cdn.printful.com/files/f3d/f3dfac40fc3d553265ef746d67b7fc88_preview.png","20.00","USD","65135F674525A_Mauve-XL","XL","Mauve"
322222762,4076780409,"65135f67492c91","forcats unisex t-shirt - Mauve / 2XL","forcats unisex t-shirt","https://files.cdn.printful.com/files/f3d/f3dfac40fc3d553265ef746d67b7fc88_preview.png","20.00","USD","65135F674525A_Mauve-2XL","2XL","Mauve"
322222762,4076780410,"65135f67492ce7","forcats unisex t-shirt - Mauve / 3XL","forcats unisex t-shirt","https://files.cdn.printful.com/files/f3d/f3dfac40fc3d553265ef746d67b7fc88_preview.png","22.00","USD","65135F674525A_Mauve-3XL","3XL","Mauve"
322222762,4076780411,"65135f67492d39","forcats unisex t-shirt - Mauve / 4XL","forcats unisex t-shirt","https://files.cdn.printful.com/files/f3d/f3dfac40fc3d553265ef746d67b7fc88_preview.png","22.00","USD","65135F674525A_Mauve-4XL","4XL","Mauve"
322222762,4076780412,"65135f67492d86","forcats unisex t-shirt - Steel Blue / S","forcats unisex t-shirt","https://files.cdn.printful.com/files/f3d/f3dfac40fc3d553265ef746d67b7fc88_preview.png","20.00","USD","65135F674525A_Steel-Blue-S","S","Steel Blue"
322222762,4076780413,"65135f67492dd5","forcats unisex t-shirt - Steel Blue / M","forcats unisex t-shirt","https://files.cdn.printful.com/files/f3d/f3dfac40fc3d553265ef746d67b7fc88_preview.png","20.00","USD","65135F674525A_Steel-Blue-M","M","Steel Blue"
322222762,4076780414,"65135f67492e29","forcats unisex t-shirt - Steel Blue / L","forcats unisex t-shirt","https://files.cdn.printful.com/files/f3d/f3dfac40fc3d553265ef746d67b7fc88_preview.png","20.00","USD","65135F674525A_Steel-Blue-L","L","Steel Blue"
322222762,4076780415,"65135f67492e74","forcats unisex t-shirt - Steel Blue / XL","forcats unisex t-shirt","https://files.cdn.printful.com/files/f3d/f3dfac40fc3d553265ef746d67b7fc88_preview.png","20.00","USD","65135F674525A_Steel-Blue-XL","XL","Steel Blue"
322222762,4076780416,"65135f67492ec3","forcats unisex t-shirt - Steel Blue / 2XL","forcats unisex t-shirt","https://files.cdn.printful.com/files/f3d/f3dfac40fc3d553265ef746d67b7fc88_preview.png","20.00","USD","65135F674525A_Steel-Blue-2XL","2XL","Steel Blue"
322222762,4076780417,"65135f67492f06","forcats unisex t-shirt - Steel Blue / 3XL","forcats unisex t-shirt","https://files.cdn.printful.com/files/f3d/f3dfac40fc3d553265ef746d67b7fc88_preview.png","22.00","USD","65135F674525A_Steel-Blue-3XL","3XL","Steel Blue"
322222762,4076780418,"65135f67492f58","forcats unisex t-shirt - Steel Blue / 4XL","forcats unisex t-shirt","https://files.cdn.printful.com/files/f3d/f3dfac40fc3d553265ef746d67b7fc88_preview.png","22.00","USD","65135F674525A_Steel-Blue-4XL","4XL","Steel Blue"
322222762,4076780419,"65135f67492f95","forcats unisex t-shirt - Pink / S","forcats unisex t-shirt","https://files.cdn.printful.com/files/f3d/f3dfac40fc3d553265ef746d67b7fc88_preview.png","20.00","USD","65135F674525A_Pink-S","S","Pink"
322222762,4076780420,"65135f67492fe1","forcats unisex t-shirt - Pink / M","forcats unisex t-shirt","https://files.cdn.printful.com/files/f3d/f3dfac40fc3d553265ef746d67b7fc88_preview.png","20.00","USD","65135F674525A_Pink-M","M","Pink"
322222762,4076780421,"65135f67493023","forcats unisex t-shirt - Pink / L","forcats unisex t-shirt","https://files.cdn.printful.com/files/f3d/f3dfac40fc3d553265ef746d67b7fc88_preview.png","20.00","USD","65135F674525A_Pink-L","L","Pink"
322222762,4076780422,"65135f67493087","forcats unisex t-shirt - Pink / XL","forcats unisex t-shirt","https://files.cdn.printful.com/files/f3d/f3dfac40fc3d553265ef746d67b7fc88_preview.png","20.00","USD","65135F674525A_Pink-XL","XL","Pink"
322222762,4076780423,"65135f674930c8","forcats unisex t-shirt - Pink / 2XL","forcats unisex t-shirt","https://files.cdn.printful.com/files/f3d/f3dfac40fc3d553265ef746d67b7fc88_preview.png","20.00","USD","65135F674525A_Pink-2XL","2XL","Pink"
322222762,4076780424,"65135f67493119","forcats unisex t-shirt - Pink / 3XL","forcats unisex t-shirt","https://files.cdn.printful.com/files/f3d/f3dfac40fc3d553265ef746d67b7fc88_preview.png","22.00","USD","65135F674525A_Pink-3XL","3XL","Pink"
322222762,4076780425,"65135f67493162","forcats unisex t-shirt - Pink / 4XL","forcats unisex t-shirt","https://files.cdn.printful.com/files/f3d/f3dfac40fc3d553265ef746d67b7fc88_preview.png","22.00","USD","65135F674525A_Pink-4XL","4XL","Pink"
322222762,4076780426,"65135f674931b5","forcats unisex t-shirt - Light Blue / XS","forcats unisex t-shirt","https://files.cdn.printful.com/files/f3d/f3dfac40fc3d553265ef746d67b7fc88_preview.png","20.00","USD","65135F674525A_Light-Blue-XS","XS","Light Blue"
322222762,4076780427,"65135f67493203","forcats unisex t-shirt - Light Blue / S","forcats unisex t-shirt","https://files.cdn.printful.com/files/f3d/f3dfac40fc3d553265ef746d67b7fc88_preview.png","20.00","USD","65135F674525A_Light-Blue-S","S","Light Blue"
322222762,4076780428,"65135f67493255","forcats unisex t-shirt - Light Blue / M","forcats unisex t-shirt","https://files.cdn.printful.com/files/f3d/f3dfac40fc3d553265ef746d67b7fc88_preview.png","20.00","USD","65135F674525A_Light-Blue-M","M","Light Blue"
322222762,4076780429,"65135f67493292","forcats unisex t-shirt - Light Blue / L","forcats unisex t-shirt","https://files.cdn.printful.com/files/f3d/f3dfac40fc3d553265ef746d67b7fc88_preview.png","20.00","USD","65135F674525A_Light-Blue-L","L","Light Blue"
322222762,4076780430,"65135f674932e9","forcats unisex t-shirt - Light Blue / XL","forcats unisex t-shirt","https://files.cdn.printful.com/files/f3d/f3dfac40fc3d553265ef746d67b7fc88_preview.png","20.00","USD","65135F674525A_Light-Blue-XL","XL","Light Blue"
322222762,4076780431,"65135f67493331","forcats unisex t-shirt - Light Blue / 2XL","forcats unisex t-shirt","https://files.cdn.printful.com/files/f3d/f3dfac40fc3d553265ef746d67b7fc88_preview.png","20.00","USD","65135F674525A_Light-Blue-2XL","2XL","Light Blue"
322222762,4076780432,"65135f67493376","forcats unisex t-shirt - Silver / S","forcats unisex t-shirt","https://files.cdn.printful.com/files/f3d/f3dfac40fc3d553265ef746d67b7fc88_preview.png","20.00","USD","65135F674525A_Silver-S","S","Silver"
322222762,4076780433,"65135f674933b1","forcats unisex t-shirt - Silver / M","forcats unisex t-shirt","https://files.cdn.printful.com/files/f3d/f3dfac40fc3d553265ef746d67b7fc88_preview.png","20.00","USD","65135F674525A_Silver-M","M","Silver"
322222762,4076780434,"65135f67493405","forcats unisex t-shirt - Silver / L","forcats unisex t-shirt","https://files.cdn.printful.com/files/f3d/f3dfac40fc3d553265ef746d67b7fc88_preview.png","20.00","USD","65135F674525A_Silver-L","L","Silver"
322222762,4076780435,"65135f67493445","forcats unisex t-shirt - Silver / XL","forcats unisex t-shirt","https://files.cdn.printful.com/files/f3d/f3dfac40fc3d553265ef746d67b7fc88_preview.png","20.00","USD","65135F674525A_Silver-XL","XL","Silver"
322222762,4076780436,"65135f67493499","forcats unisex t-shirt - Silver / 2XL","forcats unisex t-shirt","https://files.cdn.printful.com/files/f3d/f3dfac40fc3d553265ef746d67b7fc88_preview.png","20.00","USD","65135F674525A_Silver-2XL","2XL","Silver"
322222762,4076780437,"65135f674934d2","forcats unisex t-shirt - White / XS","forcats unisex t-shirt","https://files.cdn.printful.com/files/f3d/f3dfac40fc3d553265ef746d67b7fc88_preview.png","20.00","USD","65135F674525A_White-XS","XS","White"
322222762,4076780438,"65135f67493521","forcats unisex t-shirt - White / S","forcats unisex t-shirt","https://files.cdn.printful.com/files/f3d/f3dfac40fc3d553265ef746d67b7fc88_preview.png","20.00","USD","65135F674525A_White-S","S","White"
322222762,4076780439,"65135f67493574","forcats unisex t-shirt - White / M","forcats unisex t-shirt","https://files.cdn.printful.com/files/f3d/f3dfac40fc3d553265ef746d67b7fc88_preview.png","20.00","USD","65135F674525A_White-M","M","White"
322222762,4076780440,"65135f674935b7","forcats unisex t-shirt - White / L","forcats unisex t-shirt","https://files.cdn.printful.com/files/f3d/f3dfac40fc3d553265ef746d67b7fc88_preview.png","20.00","USD","65135F674525A_White-L","L","White"
322222762,4076780441,"65135f67493609","forcats unisex t-shirt - White / XL","forcats unisex t-shirt","https://files.cdn.printful.com/files/f3d/f3dfac40fc3d553265ef746d67b7fc88_preview.png","20.00","USD","65135F674525A_White-XL","XL","White"
322222762,4076780442,"65135f67493642","forcats unisex t-shirt - White / 2XL","forcats unisex t-shirt","https://files.cdn.printful.com/files/f3d/f3dfac40fc3d553265ef746d67b7fc88_preview.png","20.00","USD","65135F674525A_White-2XL","2XL","White"
322222762,4076780443,"65135f67493683","forcats unisex t-shirt - White / 3XL","forcats unisex t-shirt","https://files.cdn.printful.com/files/f3d/f3dfac40fc3d553265ef746d67b7fc88_preview.png","22.00","USD","65135F674525A_White-3XL","3XL","White"
322222762,4076780444,"65135f674936c1","forcats unisex t-shirt - White / 4XL","forcats unisex t-shirt","https://files.cdn.printful.com/files/f3d/f3dfac40fc3d553265ef746d67b7fc88_preview.png","22.00","USD","65135F674525A_White-4XL","4XL","White"
322222762,4076780445,"65135f67493708","forcats unisex t-shirt - White / 5XL","forcats unisex t-shirt","https://files.cdn.printful.com/files/f3d/f3dfac40fc3d553265ef746d67b7fc88_preview.png","22.00","USD","65135F674525A_White-5XL","5XL","White"
322221978,4076769537,"65135d7071b1a5","purrr unisex t-shirt - Black / XS","purrr unisex t-shirt","https://files.cdn.printful.com/files/f3d/f3dfac40fc3d553265ef746d67b7fc88_preview.png","20.00","USD","65135D706FAB3_Black-XS","XS","Black"
322221978,4076769547,"65135d7071b1e1","purrr unisex t-shirt - Black / S","purrr unisex t-shirt","https://files.cdn.printful.com/files/f3d/f3dfac40fc3d553265ef746d67b7fc88_preview.png","20.00","USD","65135D706FAB3_Black-S","S","Black"
322221978,4076769557,"65135d7071b211","purrr unisex t-shirt - Black / M","purrr unisex t-shirt","https://files.cdn.printful.com/files/f3d/f3dfac40fc3d553265ef746d67b7fc88_preview.png","20.00","USD","65135D706FAB3_Black-M","M","Black"
322221978,4076769563,"65135d7071b248","purrr unisex t-shirt - Black / L","purrr unisex t-shirt","https://files.cdn.printful.com/files/f3d/f3dfac40fc3d553265ef746d67b7fc88_preview.png","20.00","USD","65135D706FAB3_Black-L","L","Black"
322221978,4076769572,"65135d7071b269","purrr unisex t-shirt - Black / XL","purrr unisex t-shirt","https://files.cdn.printful.com/files/f3d/f3dfac40fc3d553265ef746d67b7fc88_preview.png","20.00","USD","65135D706FAB3_Black-XL","XL","Black"
322221978,4076769581,"65135d7071b292","purrr unisex t-shirt - Black / 2XL","purrr unisex t-shirt","https://files.cdn.printful.com/files/f3d/f3dfac40fc3d553265ef746d67b7fc88_preview.png","20.00","USD","65135D706FAB3_Black-2XL","2XL","Black"
322221978,4076769591,"65135d7071b2c2","purrr unisex t-shirt - Black / 3XL","purrr unisex t-shirt","https://files.cdn.printful.com/files/f3d/f3dfac40fc3d553265ef746d67b7fc88_preview.png","22.00","USD","65135D706FAB3_Black-3XL","3XL","Black"
322221978,4076769600,"65135d7071b2e3","purrr unisex t-shirt - Black / 4XL","purrr unisex t-shirt","https://files.cdn.printful.com/files/f3d/f3dfac40fc3d553265ef746d67b7fc88_preview.png","22.00","USD","65135D706FAB3_Black-4XL","4XL","Black"
322221978,4076769608,"65135d7071b319","purrr unisex t-shirt - Black / 5XL","purrr unisex t-shirt","https://files.cdn.printful.com/files/f3d/f3dfac40fc3d553265ef746d67b7fc88_preview.png","22.00","USD","65135D706FAB3_Black-5XL","5XL","Black"
322221978,4076769609,"65135d7071b346","purrr unisex t-shirt - Navy / XS","purrr unisex t-shirt","https://files.cdn.printful.com/files/f3d/f3dfac40fc3d553265ef746d67b7fc88_preview.png","20.00","USD","65135D706FAB3_Navy-XS","XS","Navy"
322221978,4076769611,"65135d7071b374","purrr unisex t-shirt - Navy / S","purrr unisex t-shirt","https://files.cdn.printful.com/files/f3d/f3dfac40fc3d553265ef746d67b7fc88_preview.png","20.00","USD","65135D706FAB3_Navy-S","S","Navy"
322221978,4076769613,"65135d7071b3a3","purrr unisex t-shirt - Navy / M","purrr unisex t-shirt","https://files.cdn.printful.com/files/f3d/f3dfac40fc3d553265ef746d67b7fc88_preview.png","20.00","USD","65135D706FAB3_Navy-M","M","Navy"
322221978,4076769615,"65135d7071b3d2","purrr unisex t-shirt - Navy / L","purrr unisex t-shirt","https://files.cdn.printful.com/files/f3d/f3dfac40fc3d553265ef746d67b7fc88_preview.png","20.00","USD","65135D706FAB3_Navy-L","L","Navy"
322221978,4076769617,"65135d7071b3f5","purrr unisex t-shirt - Navy / XL","purrr unisex t-shirt","https://files.cdn.printful.com/files/f3d/f3dfac40fc3d553265ef746d67b7fc88_preview.png","20.00","USD","65135D706FAB3_Navy-XL","XL","Navy"
322221978,4076769619,"65135d7071b426","purrr unisex t-shirt - Navy / 2XL","purrr unisex t-shirt","https://files.cdn.printful.com/files/f3d/f3dfac40fc3d553265ef746d67b7fc88_preview.png","20.00","USD","65135D706FAB3_Navy-2XL","2XL","Navy"
322221978,4076769621,"65135d7071b455","purrr unisex t-shirt - Navy / 3XL","purrr unisex t-shirt","https://files.cdn.printful.com/files/f3d/f3dfac40fc3d553265ef746d67b7fc88_preview.png","22.00","USD","65135D706FAB3_Navy-3XL","3XL","Navy"
322221978,4076769623,"65135d7071b486","purrr unisex t-shirt - Navy / 4XL","purrr unisex t-shirt","https://files.cdn.printful.com/files/f3d/f3dfac40fc3d553265ef746d67b7fc88_preview.png","22.00","USD","65135D706FAB3_Navy-4XL","4XL","Navy"
322221978,4076769625,"65135d7071b4a2","purrr unisex t-shirt - Navy / 5XL","purrr unisex t-shirt","https://files.cdn.printful.com/files/f3d/f3dfac40fc3d553265ef746d67b7fc88_preview.png","22.00","USD","65135D706FAB3_Navy-5XL","5XL","Navy"
322221978,4076769627,"65135d7071b4d5","purrr unisex t-shirt - Cardinal / XS","purrr unisex t-shirt","https://files.cdn.printful.com/files/f3d/f3dfac40fc3d553265ef746d67b7fc88_preview.png","20.00","USD","65135D706FAB3_Cardinal-XS","XS","Cardinal"
322221978,4076769629,"65135d7071b509","purrr unisex t-shirt - Cardinal / S","purrr unisex t-shirt","https://files.cdn.printful.com/files/f3d/f3dfac40fc3d553265ef746d67b7fc88_preview.png","20.00","USD","65135D706FAB3_Cardinal-S","S","Cardinal"
322221978,4076769631,"65135d7071b531","purrr unisex t-shirt - Cardinal / M","purrr unisex t-shirt","https://files.cdn.printful.com/files/f3d/f3dfac40fc3d553265ef746d67b7fc88_preview.png","20.00","USD","65135D706FAB3_Cardinal-M","M","Cardinal"
322221978,4076769633,"65135d7071b559","purrr unisex t-shirt - Cardinal / L","purrr unisex t-shirt","https://files.cdn.printful.com/files/f3d/f3dfac40fc3d553265ef746d67b7fc88_preview.png","20.00","USD","65135D706FAB3_Cardinal-L","L","Cardinal"
322221978,4076769635,"65135d7071b589","purrr unisex t-shirt - Cardinal / XL","purrr unisex t-shirt","https://files.cdn.printful.com/files/f3d/f3dfac40fc3d553265ef746d67b7fc88_preview.png","20.00","USD","65135D706FAB3_Cardinal-XL","XL","Cardinal"
322221978,4076769637,"65135d7071b5b7","purrr unisex t-shirt - Cardinal / 2XL","purrr unisex t-shirt","https://files.cdn.printful.com/files/f3d/f3dfac40fc3d553265ef746d67b7fc88_preview.png","20.00","USD","65135D706FAB3_Cardinal-2XL","2XL","Cardinal"
322221978,4076769639,"65135d7071b5d8","purrr unisex t-shirt - Berry / S","purrr unisex t-shirt","https://files.cdn.printful.com/files/f3d/f3dfac40fc3d553265ef746d67b7fc88_preview.png","20.00","USD","65135D706FAB3_Berry-S","S","Berry"
322221978,4076769641,"65135d7071b606","purrr unisex t-shirt - Berry / M","purrr unisex t-shirt","https://files.cdn.printful.com/files/f3d/f3dfac40fc3d553265ef746d67b7fc88_preview.png","20.00","USD","65135D706FAB3_Berry-M","M","Berry"
322221978,4076769643,"65135d7071b636","purrr unisex t-shirt - Berry / L","purrr unisex t-shirt","https://files.cdn.printful.com/files/f3d/f3dfac40fc3d553265ef746d67b7fc88_preview.png","20.00","USD","65135D706FAB3_Berry-L","L","Berry"
322221978,4076769644,"65135d7071b663","purrr unisex t-shirt - Berry / XL","purrr unisex t-shirt","https://files.cdn.printful.com/files/f3d/f3dfac40fc3d553265ef746d67b7fc88_preview.png","20.00","USD","65135D706FAB3_Berry-XL","XL","Berry"
322221978,4076769646,"65135d7071b685","purrr unisex t-shirt - Berry / 2XL","purrr unisex t-shirt","https://files.cdn.printful.com/files/f3d/f3dfac40fc3d553265ef746d67b7fc88_preview.png","20.00","USD","65135D706FAB3_Berry-2XL","2XL","Berry"
322221978,4076769648,"65135d7071b6b6","purrr unisex t-shirt - Berry / 3XL","purrr unisex t-shirt","https://files.cdn.printful.com/files/f3d/f3dfac40fc3d553265ef746d67b7fc88_preview.png","22.00","USD","65135D706FAB3_Berry-3XL","3XL","Berry"
322221978,4076769650,"65135d7071b6e6","purrr unisex t-shirt - Berry / 4XL","purrr unisex t-shirt","https://files.cdn.printful.com/files/f3d/f3dfac40fc3d553265ef746d67b7fc88_preview.png","22.00","USD","65135D706FAB3_Berry-4XL","4XL","Berry"
322221978,4076769652,"65135d7071b708","purrr unisex t-shirt - Asphalt / S","purrr unisex t-shirt","https://files.cdn.printful.com/files/f3d/f3dfac40fc3d553265ef746d67b7fc88_preview.png","20.00","USD","65135D706FAB3_Asphalt-S","S","Asphalt"
322221978,4076769654,"65135d7071b734","purrr unisex t-shirt - Asphalt / M","purrr unisex t-shirt","https://files.cdn.printful.com/files/f3d/f3dfac40fc3d553265ef746d67b7fc88_preview.png","20.00","USD","65135D706FAB3_Asphalt-M","M","Asphalt"
322221978,4076769656,"65135d7071b765","purrr unisex t-shirt - Asphalt / L","purrr unisex t-shirt","https://files.cdn.printful.com/files/f3d/f3dfac40fc3d553265ef746d67b7fc88_preview.png","20.00","USD","65135D706FAB3_Asphalt-L","L","Asphalt"
322221978,4076769658,"65135d7071b798","purrr unisex t-shirt - Asphalt / XL","purrr unisex t-shirt","https://files.cdn.printful.com/files/f3d/f3dfac40fc3d553265ef746d67b7fc88_preview.png","20.00","USD","65135D706FAB3_Asphalt-XL","XL","Asphalt"
322221978,4076769660,"65135d7071b7b3","purrr unisex t-shirt - Asphalt / 2XL","purrr unisex t-shirt","https://files.cdn.printful.com/files/f3d/f3dfac40fc3d553265ef746d67b7fc88_preview.png","20.00","USD","65135D706FAB3_Asphalt-2XL","2XL","Asphalt"
322221978,4076769662,"65135d7071b7e3","purrr unisex t-shirt - Asphalt / 3XL","purrr unisex t-shirt","https://files.cdn.printful.com/files/f3d/f3dfac40fc3d553265ef746d67b7fc88_preview.png","22.00","USD","65135D706FAB3_Asphalt-3XL","3XL","Asphalt"
322221978,4076769664,"65135d7071b821","purrr unisex t-shirt - Asphalt / 4XL","purrr unisex t-shirt","https://files.cdn.printful.com/files/f3d/f3dfac40fc3d553265ef746d67b7fc88_preview.png","22.00","USD","65135D706FAB3_Asphalt-4XL","4XL","Asphalt"
322221978,4076769669,"65135d7071b864","purrr unisex t-shirt - Aqua / S","purrr unisex t-shirt","https://files.cdn.printful.com/files/f3d/f3dfac40fc3d553265ef746d67b7fc88_preview.png","20.00","USD","65135D706FAB3_Aqua-S","S","Aqua"
322221978,4076769673,"65135d7071b882","purrr unisex t-shirt - Aqua / M","purrr unisex t-shirt","https://files.cdn.printful.com/files/f3d/f3dfac40fc3d553265ef746d67b7fc88_preview.png","20.00","USD","65135D706FAB3_Aqua-M","M","Aqua"
322221978,4076769676,"65135d7071b8b9","purrr unisex t-shirt - Aqua / L","purrr unisex t-shirt","https://files.cdn.printful.com/files/f3d/f3dfac40fc3d553265ef746d67b7fc88_preview.png","20.00","USD","65135D706FAB3_Aqua-L","L","Aqua"
322221978,4076769677,"65135d7071b8e8","purrr unisex t-shirt - Aqua / XL","purrr unisex t-shirt","https://files.cdn.printful.com/files/f3d/f3dfac40fc3d553265ef746d67b7fc88_preview.png","20.00","USD","65135D706FAB3_Aqua-XL","XL","Aqua"
322221978,4076769679,"65135d7071b918","purrr unisex t-shirt - Aqua / 2XL","purrr unisex t-shirt","https://files.cdn.printful.com/files/f3d/f3dfac40fc3d553265ef746d67b7fc88_preview.png","20.00","USD","65135D706FAB3_Aqua-2XL","2XL","Aqua"
322221978,4076769681,"65135d7071b939","purrr unisex t-shirt - Aqua / 3XL","purrr unisex t-shirt","https://files.cdn.printful.com/files/f3d/f3dfac40fc3d553265ef746d67b7fc88_preview.png","22.00","USD","65135D706FAB3_Aqua-3XL","3XL","Aqua"
322221978,4076769682,"65135d7071b962","purrr unisex t-shirt - Aqua / 4XL","purrr unisex t-shirt","https://files.cdn.printful.com/files/f3d/f3dfac40fc3d553265ef746d67b7fc88_preview.png","22.00","USD","65135D706FAB3_Aqua-4XL","4XL","Aqua"
322221978,4076769684,"65135d7071b993","purrr unisex t-shirt - Kelly / XS","purrr unisex t-shirt","https://files.cdn.printful.com/files/f3d/f3dfac40fc3d553265ef746d67b7fc88_preview.png","20.00","USD","65135D706FAB3_Kelly-XS","XS","Kelly"
322221978,4076769685,"65135d7071b9b5","purrr unisex t-shirt - Kelly / S","purrr unisex t-shirt","https://files.cdn.printful.com/files/f3d/f3dfac40fc3d553265ef746d67b7fc88_preview.png","20.00","USD","65135D706FAB3_Kelly-S","S","Kelly"
322221978,4076769687,"65135d7071b9e2","purrr unisex t-shirt - Kelly / M","purrr unisex t-shirt","https://files.cdn.printful.com/files/f3d/f3dfac40fc3d553265ef746d67b7fc88_preview.png","20.00","USD","65135D706FAB3_Kelly-M","M","Kelly"
322221978,4076769688,"65135d7071ba07","purrr unisex t-shirt - Kelly / L","purrr unisex t-shirt","https://files.cdn.printful.com/files/f3d/f3dfac40fc3d553265ef746d67b7fc88_preview.png","20.00","USD","65135D706FAB3_Kelly-L","L","Kelly"
322221978,4076769690,"65135d7071ba33","purrr unisex t-shirt - Kelly / XL","purrr unisex t-shirt","https://files.cdn.printful.com/files/f3d/f3dfac40fc3d553265ef746d67b7fc88_preview.png","20.00","USD","65135D706FAB3_Kelly-XL","XL","Kelly"
322221978,4076769691,"65135d7071ba67","purrr unisex t-shirt - Kelly / 2XL","purrr unisex t-shirt","https://files.cdn.printful.com/files/f3d/f3dfac40fc3d553265ef746d67b7fc88_preview.png","20.00","USD","65135D706FAB3_Kelly-2XL","2XL","Kelly"
322221978,4076769693,"65135d7071ba81","purrr unisex t-shirt - Kelly / 3XL","purrr unisex t-shirt","https://files.cdn.printful.com/files/f3d/f3dfac40fc3d553265ef746d67b7fc88_preview.png","22.00","USD","65135D706FAB3_Kelly-3XL","3XL","Kelly"
322221978,4076769694,"65135d7071bab1","purrr unisex t-shirt - Kelly / 4XL","purrr unisex t-shirt","https://files.cdn.printful.com/files/f3d/f3dfac40fc3d553265ef746d67b7fc88_preview.png","22.00","USD","65135D706FAB3_Kelly-4XL","4XL","Kelly"
322221978,4076769696,"65135d7071bad9","purrr unisex t-shirt - Mauve / S","purrr unisex t-shirt","https://files.cdn.printful.com/files/f3d/f3dfac40fc3d553265ef746d67b7fc88_preview.png","20.00","USD","65135D706FAB3_Mauve-S","S","Mauve"
322221978,4076769697,"65135d7071bb09","purrr unisex t-shirt - Mauve / M","purrr unisex t-shirt","https://files.cdn.printful.com/files/f3d/f3dfac40fc3d553265ef746d67b7fc88_preview.png","20.00","USD","65135D706FAB3_Mauve-M","M","Mauve"
322221978,4076769699,"65135d7071bb28","purrr unisex t-shirt - Mauve / L","purrr unisex t-shirt","https://files.cdn.printful.com/files/f3d/f3dfac40fc3d553265ef746d67b7fc88_preview.png","20.00","USD","65135D706FAB3_Mauve-L","L","Mauve"
322221978,4076769702,"65135d7071bb57","purrr unisex t-shirt - Mauve / XL","purrr unisex t-shirt","https://files.cdn.printful.com/files/f3d/f3dfac40fc3d553265ef746d67b7fc88_preview.png","20.00","USD","65135D706FAB3_Mauve-XL","XL","Mauve"
322221978,4076769704,"65135d7071bb78","purrr unisex t-shirt - Mauve / 2XL","purrr unisex t-shirt","https://files.cdn.printful.com/files/f3d/f3dfac40fc3d553265ef746d67b7fc88_preview.png","20.00","USD","65135D706FAB3_Mauve-2XL","2XL","Mauve"
322221978,4076769706,"65135d7071bba5","purrr unisex t-shirt - Mauve / 3XL","purrr unisex t-shirt","https://files.cdn.printful.com/files/f3d/f3dfac40fc3d553265ef746d67b7fc88_preview.png","22.00","USD","65135D706FAB3_Mauve-3XL","3XL","Mauve"
322221978,4076769707,"65135d7071bbd5","purrr unisex t-shirt - Mauve / 4XL","purrr unisex t-shirt","https://files.cdn.printful.com/files/f3d/f3dfac40fc3d553265ef746d67b7fc88_preview.png","22.00","USD","65135D706FAB3_Mauve-4XL","4XL","Mauve"
322221978,4076769709,"65135d7071bbf2","purrr unisex t-shirt - Steel Blue / S","purrr unisex t-shirt","https://files.cdn.printful.com/files/f3d/f3dfac40fc3d553265ef746d67b7fc88_preview.png","20.00","USD","65135D706FAB3_Steel-Blue-S","S","Steel Blue"
322221978,4076769711,"65135d7071bc25","purrr unisex t-shirt - Steel Blue / M","purrr unisex t-shirt","https://files.cdn.printful.com/files/f3d/f3dfac40fc3d553265ef746d67b7fc88_preview.png","20.00","USD","65135D706FAB3_Steel-Blue-M","M","Steel Blue"
322221978,4076769713,"65135d7071bc46","purrr unisex t-shirt - Steel Blue / L","purrr unisex t-shirt","https://files.cdn.printful.com/files/f3d/f3dfac40fc3d553265ef746d67b7fc88_preview.png","20.00","USD","65135D706FAB3_Steel-Blue-L","L","Steel Blue"
322221978,4076769716,"65135d7071bc72","purrr unisex t-shirt - Steel Blue / XL","purrr unisex t-shirt","https://files.cdn.printful.com/files/f3d/f3dfac40fc3d553265ef746d67b7fc88_preview.png","20.00","USD","65135D706FAB3_Steel-Blue-XL","XL","Steel Blue"
322221978,4076769718,"65135d7071bc93","purrr unisex t-shirt - Steel Blue / 2XL","purrr unisex t-shirt","https://files.cdn.printful.com/files/f3d/f3dfac40fc3d553265ef746d67b7fc88_preview.png","20.00","USD","65135D706FAB3_Steel-Blue-2XL","2XL","Steel Blue"
322221978,4076769720,"65135d7071bcc1","purrr unisex t-shirt - Steel Blue / 3XL","purrr unisex t-shirt","https://files.cdn.printful.com/files/f3d/f3dfac40fc3d553265ef746d67b7fc88_preview.png","22.00","USD","65135D706FAB3_Steel-Blue-3XL","3XL","Steel Blue"
322221978,4076769722,"65135d7071bcf7","purrr unisex t-shirt - Steel Blue / 4XL","purrr unisex t-shirt","https://files.cdn.printful.com/files/f3d/f3dfac40fc3d553265ef746d67b7fc88_preview.png","22.00","USD","65135D706FAB3_Steel-Blue-4XL","4XL","Steel Blue"
322221978,4076769724,"65135d7071bd18","purrr unisex t-shirt - Pink / S","purrr unisex t-shirt","https://files.cdn.printful.com/files/f3d/f3dfac40fc3d553265ef746d67b7fc88_preview.png","20.00","USD","65135D706FAB3_Pink-S","S","Pink"
322221978,4076769727,"65135d7071bd46","purrr unisex t-shirt - Pink / M","purrr unisex t-shirt","https://files.cdn.printful.com/files/f3d/f3dfac40fc3d553265ef746d67b7fc88_preview.png","20.00","USD","65135D706FAB3_Pink-M","M","Pink"
322221978,4076769729,"65135d7071bd67","purrr unisex t-shirt - Pink / L","purrr unisex t-shirt","https://files.cdn.printful.com/files/f3d/f3dfac40fc3d553265ef746d67b7fc88_preview.png","20.00","USD","65135D706FAB3_Pink-L","L","Pink"
322221978,4076769730,"65135d7071bd91","purrr unisex t-shirt - Pink / XL","purrr unisex t-shirt","https://files.cdn.printful.com/files/f3d/f3dfac40fc3d553265ef746d67b7fc88_preview.png","20.00","USD","65135D706FAB3_Pink-XL","XL","Pink"
322221978,4076769732,"65135d7071bdb2","purrr unisex t-shirt - Pink / 2XL","purrr unisex t-shirt","https://files.cdn.printful.com/files/f3d/f3dfac40fc3d553265ef746d67b7fc88_preview.png","20.00","USD","65135D706FAB3_Pink-2XL","2XL","Pink"
322221978,4076769734,"65135d7071bde7","purrr unisex t-shirt - Pink / 3XL","purrr unisex t-shirt","https://files.cdn.printful.com/files/f3d/f3dfac40fc3d553265ef746d67b7fc88_preview.png","22.00","USD","65135D706FAB3_Pink-3XL","3XL","Pink"
322221978,4076769736,"65135d7071be11","purrr unisex t-shirt - Pink / 4XL","purrr unisex t-shirt","https://files.cdn.printful.com/files/f3d/f3dfac40fc3d553265ef746d67b7fc88_preview.png","22.00","USD","65135D706FAB3_Pink-4XL","4XL","Pink"
322221978,4076769738,"65135d7071be33","purrr unisex t-shirt - Light Blue / XS","purrr unisex t-shirt","https://files.cdn.printful.com/files/f3d/f3dfac40fc3d553265ef746d67b7fc88_preview.png","20.00","USD","65135D706FAB3_Light-Blue-XS","XS","Light Blue"
322221978,4076769740,"65135d7071be61","purrr unisex t-shirt - Light Blue / S","purrr unisex t-shirt","https://files.cdn.printful.com/files/f3d/f3dfac40fc3d553265ef746d67b7fc88_preview.png","20.00","USD","65135D706FAB3_Light-Blue-S","S","Light Blue"
322221978,4076769742,"65135d7071be97","purrr unisex t-shirt - Light Blue / M","purrr unisex t-shirt","https://files.cdn.printful.com/files/f3d/f3dfac40fc3d553265ef746d67b7fc88_preview.png","20.00","USD","65135D706FAB3_Light-Blue-M","M","Light Blue"
322221978,4076769744,"65135d7071beb1","purrr unisex t-shirt - Light Blue / L","purrr unisex t-shirt","https://files.cdn.printful.com/files/f3d/f3dfac40fc3d553265ef746d67b7fc88_preview.png","20.00","USD","65135D706FAB3_Light-Blue-L","L","Light Blue"
322221978,4076769746,"65135d7071bee6","purrr unisex t-shirt - Light Blue / XL","purrr unisex t-shirt","https://files.cdn.printful.com/files/f3d/f3dfac40fc3d553265ef746d67b7fc88_preview.png","20.00","USD","65135D706FAB3_Light-Blue-XL","XL","Light Blue"
322221978,4076769748,"65135d7071bf01","purrr unisex t-shirt - Light Blue / 2XL","purrr unisex t-shirt","https://files.cdn.printful.com/files/f3d/f3dfac40fc3d553265ef746d67b7fc88_preview.png","20.00","USD","65135D706FAB3_Light-Blue-2XL","2XL","Light Blue"
322221978,4076769749,"65135d7071bf31","purrr unisex t-shirt - Silver / S","purrr unisex t-shirt","https://files.cdn.printful.com/files/f3d/f3dfac40fc3d553265ef746d67b7fc88_preview.png","20.00","USD","65135D706FAB3_Silver-S","S","Silver"
322221978,4076769751,"65135d7071bf51","purrr unisex t-shirt - Silver / M","purrr unisex t-shirt","https://files.cdn.printful.com/files/f3d/f3dfac40fc3d553265ef746d67b7fc88_preview.png","20.00","USD","65135D706FAB3_Silver-M","M","Silver"
322221978,4076769753,"65135d7071bf84","purrr unisex t-shirt - Silver / L","purrr unisex t-shirt","https://files.cdn.printful.com/files/f3d/f3dfac40fc3d553265ef746d67b7fc88_preview.png","20.00","USD","65135D706FAB3_Silver-L","L","Silver"
322221978,4076769755,"65135d7071bfa4","purrr unisex t-shirt - Silver / XL","purrr unisex t-shirt","https://files.cdn.printful.com/files/f3d/f3dfac40fc3d553265ef746d67b7fc88_preview.png","20.00","USD","65135D706FAB3_Silver-XL","XL","Silver"
322221978,4076769757,"65135d7071bfd3","purrr unisex t-shirt - Silver / 2XL","purrr unisex t-shirt","https://files.cdn.printful.com/files/f3d/f3dfac40fc3d553265ef746d67b7fc88_preview.png","20.00","USD","65135D706FAB3_Silver-2XL","2XL","Silver"
322221978,4076769759,"65135d7071c008","purrr unisex t-shirt - White / XS","purrr unisex t-shirt","https://files.cdn.printful.com/files/f3d/f3dfac40fc3d553265ef746d67b7fc88_preview.png","20.00","USD","65135D706FAB3_White-XS","XS","White"
322221978,4076769761,"65135d7071c026","purrr unisex t-shirt - White / S","purrr unisex t-shirt","https://files.cdn.printful.com/files/f3d/f3dfac40fc3d553265ef746d67b7fc88_preview.png","20.00","USD","65135D706FAB3_White-S","S","White"
322221978,4076769763,"65135d7071c058","purrr unisex t-shirt - White / M","purrr unisex t-shirt","https://files.cdn.printful.com/files/f3d/f3dfac40fc3d553265ef746d67b7fc88_preview.png","20.00","USD","65135D706FAB3_White-M","M","White"
322221978,4076769765,"65135d7071c073","purrr unisex t-shirt - White / L","purrr unisex t-shirt","https://files.cdn.printful.com/files/f3d/f3dfac40fc3d553265ef746d67b7fc88_preview.png","20.00","USD","65135D706FAB3_White-L","L","White"
322221978,4076769769,"65135d7071c0a8","purrr unisex t-shirt - White / XL","purrr unisex t-shirt","https://files.cdn.printful.com/files/f3d/f3dfac40fc3d553265ef746d67b7fc88_preview.png","20.00","USD","65135D706FAB3_White-XL","XL","White"
322221978,4076769770,"65135d7071c0d4","purrr unisex t-shirt - White / 2XL","purrr unisex t-shirt","https://files.cdn.printful.com/files/f3d/f3dfac40fc3d553265ef746d67b7fc88_preview.png","20.00","USD","65135D706FAB3_White-2XL","2XL","White"
322221978,4076769771,"65135d7071c0f5","purrr unisex t-shirt - White / 3XL","purrr unisex t-shirt","https://files.cdn.printful.com/files/f3d/f3dfac40fc3d553265ef746d67b7fc88_preview.png","22.00","USD","65135D706FAB3_White-3XL","3XL","White"
322221978,4076769772,"65135d7071c126","purrr unisex t-shirt - White / 4XL","purrr unisex t-shirt","https://files.cdn.printful.com/files/f3d/f3dfac40fc3d553265ef746d67b7fc88_preview.png","22.00","USD","65135D706FAB3_White-4XL","4XL","White"
322221978,4076769773,"65135d7071c141","purrr unisex t-shirt - White / 5XL","purrr unisex t-shirt","https://files.cdn.printful.com/files/f3d/f3dfac40fc3d553265ef746d67b7fc88_preview.png","22.00","USD","65135D706FAB3_White-5XL","5XL","White"
